subgenus Drosophila	category	over_represented_pvalue	under_represented_pvalue	numDEInCat	numInCat	term	ontology	over_represented_FDR	go_term	gene_ids
subgenus Drosophila	GO:0005488	0	1	7	7	binding	MF	0	MF binding	group7814, group8525, group8369, group8809, group2599, group9097, group8591
subgenus Drosophila	GO:0005575	0	1	13	482	cellular_component	CC	0	CC cellular_component	group7814, group8518, group8525, group8369, group8809, group9250, group2599, group9097, group7772, group8496, group1728, group2649, group8591
subgenus Drosophila	GO:0005622	0	1	13	23	intracellular anatomical structure	CC	0	CC intracellular anatomical structure	group7814, group8518, group8525, group8369, group8809, group9250, group2599, group9097, group7772, group8496, group1728, group2649, group8591
subgenus Drosophila	GO:0005623	0	1	13	13	NA	NA	0	none	group7814, group8518, group8525, group8369, group8809, group9250, group2599, group9097, group7772, group8496, group1728, group2649, group8591
subgenus Drosophila	GO:0006807	0	1	8	10	nitrogen compound metabolic process	BP	0	BP nitrogen compound metabolic process	group7814, group2599, group9097, group7772, group8496, group1728, group2649, group8591
subgenus Drosophila	GO:0008150	0	1	13	456	biological_process	BP	0	BP biological_process	group7814, group8518, group8525, group8369, group8809, group9250, group2599, group9097, group7772, group8496, group1728, group2649, group8591
subgenus Drosophila	GO:0008152	0	1	10	10	metabolic process	BP	0	BP metabolic process	group7814, group8369, group9250, group2599, group9097, group7772, group8496, group1728, group2649, group8591
subgenus Drosophila	GO:0009987	0	1	10	12	cellular process	BP	0	BP cellular process	group7814, group8369, group8809, group2599, group9097, group7772, group8496, group1728, group2649, group8591
subgenus Drosophila	GO:0019222	0	1	6	7	regulation of metabolic process	BP	0	BP regulation of metabolic process	group7814, group8525, group8809, group9097, group8496, group1728
subgenus Drosophila	GO:0019538	0	1	7	8	protein metabolic process	BP	0	BP protein metabolic process	group7814, group9097, group7772, group8496, group1728, group2649, group8591
subgenus Drosophila	GO:0031323	0	1	6	8	regulation of cellular metabolic process	BP	0	BP regulation of cellular metabolic process	group7814, group8525, group8809, group9097, group8496, group1728
subgenus Drosophila	GO:0036211	0	1	5	5	protein modification process	BP	0	BP protein modification process	group7814, group9097, group7772, group8496, group2649
subgenus Drosophila	GO:0043170	0	1	9	9	macromolecule metabolic process	BP	0	BP macromolecule metabolic process	group7814, group9250, group2599, group9097, group7772, group8496, group1728, group2649, group8591
subgenus Drosophila	GO:0043226	0	1	11	11	organelle	CC	0	CC organelle	group7814, group8518, group8525, group8809, group9250, group2599, group9097, group7772, group8496, group1728, group2649
subgenus Drosophila	GO:0043227	0	1	11	11	membrane-bounded organelle	CC	0	CC membrane-bounded organelle	group7814, group8518, group8525, group8809, group9250, group2599, group9097, group7772, group8496, group1728, group2649
subgenus Drosophila	GO:0043229	0	1	11	16	intracellular organelle	CC	0	CC intracellular organelle	group7814, group8518, group8525, group8809, group9250, group2599, group9097, group7772, group8496, group1728, group2649
subgenus Drosophila	GO:0043231	0	1	11	80	intracellular membrane-bounded organelle	CC	0	CC intracellular membrane-bounded organelle	group7814, group8518, group8525, group8809, group9250, group2599, group9097, group7772, group8496, group1728, group2649
subgenus Drosophila	GO:0043412	0	1	5	5	macromolecule modification	BP	0	BP macromolecule modification	group7814, group9097, group7772, group8496, group2649
subgenus Drosophila	GO:0044237	0	1	9	10	cellular metabolic process	BP	0	BP cellular metabolic process	group7814, group8369, group2599, group9097, group7772, group8496, group1728, group2649, group8591
subgenus Drosophila	GO:0044238	0	1	8	8	primary metabolic process	BP	0	BP primary metabolic process	group7814, group2599, group9097, group7772, group8496, group1728, group2649, group8591
subgenus Drosophila	GO:0044260	0	1	8	8	cellular macromolecule metabolic process	BP	0	BP cellular macromolecule metabolic process	group7814, group2599, group9097, group7772, group8496, group1728, group2649, group8591
subgenus Drosophila	GO:0044267	0	1	6	6	cellular protein metabolic process	BP	0	BP cellular protein metabolic process	group7814, group9097, group7772, group8496, group2649, group8591
subgenus Drosophila	GO:0044422	0	1	9	9	NA	NA	0	none	group7814, group8518, group8525, group8809, group9250, group2599, group9097, group8496, group1728
subgenus Drosophila	GO:0044424	0	1	13	13	NA	NA	0	none	group7814, group8518, group8525, group8369, group8809, group9250, group2599, group9097, group7772, group8496, group1728, group2649, group8591
subgenus Drosophila	GO:0044428	0	1	6	6	NA	NA	0	none	group7814, group8525, group9250, group2599, group9097, group8496
subgenus Drosophila	GO:0044444	0	1	7	7	NA	NA	0	none	group8518, group8369, group8809, group9250, group7772, group1728, group8591
subgenus Drosophila	GO:0044446	0	1	9	9	NA	NA	0	none	group7814, group8518, group8525, group8809, group9250, group2599, group9097, group8496, group1728
subgenus Drosophila	GO:0044464	0	1	13	13	NA	NA	0	none	group7814, group8518, group8525, group8369, group8809, group9250, group2599, group9097, group7772, group8496, group1728, group2649, group8591
subgenus Drosophila	GO:0050789	0	1	8	8	regulation of biological process	BP	0	BP regulation of biological process	group7814, group8518, group8525, group8809, group9097, group8496, group1728, group2649
subgenus Drosophila	GO:0050794	0	1	7	7	regulation of cellular process	BP	0	BP regulation of cellular process	group7814, group8525, group8809, group9097, group8496, group1728, group2649
subgenus Drosophila	GO:0051171	0	1	6	6	regulation of nitrogen compound metabolic process	BP	0	BP regulation of nitrogen compound metabolic process	group7814, group8525, group8809, group9097, group8496, group1728
subgenus Drosophila	GO:0060255	0	1	6	6	regulation of macromolecule metabolic process	BP	0	BP regulation of macromolecule metabolic process	group7814, group8525, group8809, group9097, group8496, group1728
subgenus Drosophila	GO:0065007	0	1	8	8	biological regulation	BP	0	BP biological regulation	group7814, group8518, group8525, group8809, group9097, group8496, group1728, group2649
subgenus Drosophila	GO:0071704	0	1	10	10	organic substance metabolic process	BP	0	BP organic substance metabolic process	group7814, group8369, group9250, group2599, group9097, group7772, group8496, group1728, group2649, group8591
subgenus Drosophila	GO:0080090	0	1	6	6	regulation of primary metabolic process	BP	0	BP regulation of primary metabolic process	group7814, group8525, group8809, group9097, group8496, group1728
subgenus Drosophila	GO:1901564	0	1	7	7	organonitrogen compound metabolic process	BP	0	BP organonitrogen compound metabolic process	group7814, group9097, group7772, group8496, group1728, group2649, group8591
subgenus Drosophila	GO:0006464	3.60915280088478E-12	1	5	9	cellular protein modification process	BP	7.82210711089056E-10	BP cellular protein modification process	group7814, group9097, group7772, group8496, group2649
subgenus Drosophila	GO:0003824	1.53525734152684E-11	1	6	32	catalytic activity	MF	3.08561160835623E-09	MF catalytic activity	group8369, group2599, group7772, group8496, group1728, group2649
subgenus Drosophila	GO:0032501	1.63324151428352E-11	1	4	4	multicellular organismal process	BP	3.08561160835623E-09	BP multicellular organismal process	group7814, group8809, group2599, group9097
subgenus Drosophila	GO:0031974	1.68086176020938E-11	1	4	4	membrane-enclosed lumen	CC	3.08561160835623E-09	CC membrane-enclosed lumen	group7814, group9250, group2599, group9097
subgenus Drosophila	GO:0031981	1.68086176020938E-11	1	4	4	nuclear lumen	CC	3.08561160835623E-09	CC nuclear lumen	group7814, group9250, group2599, group9097
subgenus Drosophila	GO:0043233	1.68086176020938E-11	1	4	4	organelle lumen	CC	3.08561160835623E-09	CC organelle lumen	group7814, group9250, group2599, group9097
subgenus Drosophila	GO:0070013	1.68086176020938E-11	1	4	4	intracellular organelle lumen	CC	3.08561160835623E-09	CC intracellular organelle lumen	group7814, group9250, group2599, group9097
subgenus Drosophila	GO:0019219	1.69306535437927E-11	1	4	4	regulation of nucleobase-containing compound metabolic process	BP	3.08561160835623E-09	BP regulation of nucleobase-containing compound metabolic process	group7814, group8525, group9097, group1728
subgenus Drosophila	GO:0051179	3.2666533077964E-11	1	4	4	localization	BP	5.82117619449318E-09	BP localization	group8518, group8809, group9250, group2649
subgenus Drosophila	GO:0003674	1.95914833982402E-10	1	12	732	molecular_function	MF	3.41530663848887E-08	MF molecular_function	group7814, group8525, group8369, group8809, group9250, group2599, group9097, group7772, group8496, group1728, group2649, group8591
subgenus Drosophila	GO:0043228	7.40326660859386E-09	1	3	3	non-membrane-bounded organelle	CC	1.23680822779821E-06	CC non-membrane-bounded organelle	group8809, group2599, group9097
subgenus Drosophila	GO:0043232	7.40326660859386E-09	1	3	3	intracellular non-membrane-bounded organelle	CC	1.23680822779821E-06	CC intracellular non-membrane-bounded organelle	group8809, group2599, group9097
subgenus Drosophila	GO:0048519	1.09374323445792E-08	1	3	3	negative regulation of biological process	BP	1.72696634600779E-06	BP negative regulation of biological process	group9097, group8496, group1728
subgenus Drosophila	GO:0048523	1.09374323445792E-08	1	3	3	negative regulation of cellular process	BP	1.72696634600779E-06	BP negative regulation of cellular process	group9097, group8496, group1728
subgenus Drosophila	GO:0031399	1.14140436885413E-08	1	3	3	regulation of protein modification process	BP	1.72696634600779E-06	BP regulation of protein modification process	group8809, group9097, group8496
subgenus Drosophila	GO:0032268	1.14140436885413E-08	1	3	3	regulation of cellular protein metabolic process	BP	1.72696634600779E-06	BP regulation of cellular protein metabolic process	group8809, group9097, group8496
subgenus Drosophila	GO:0051246	1.14140436885413E-08	1	3	3	regulation of protein metabolic process	BP	1.72696634600779E-06	BP regulation of protein metabolic process	group8809, group9097, group8496
subgenus Drosophila	GO:0034641	1.1838625809446E-08	1	3	3	cellular nitrogen compound metabolic process	BP	1.75803593270272E-06	BP cellular nitrogen compound metabolic process	group7814, group2599, group8591
subgenus Drosophila	GO:1902494	1.23240162491204E-08	1	3	3	catalytic complex	CC	1.79684156912176E-06	CC catalytic complex	group7814, group9097, group8496
subgenus Drosophila	GO:0032502	1.4861066057614E-08	0.999999999954954	4	13	developmental process	BP	1.98604264405903E-06	BP developmental process	group7814, group8809, group2599, group9097
subgenus Drosophila	GO:0033036	1.53426512689222E-08	1	3	3	macromolecule localization	BP	1.98604264405903E-06	BP macromolecule localization	group8518, group8809, group9250
subgenus Drosophila	GO:0051641	1.53426512689222E-08	1	3	3	cellular localization	BP	1.98604264405903E-06	BP cellular localization	group8518, group8809, group9250
subgenus Drosophila	GO:0016740	1.59722228945896E-08	1	3	3	transferase activity	MF	1.98604264405903E-06	MF transferase activity	group7772, group8496, group2649
subgenus Drosophila	GO:0140096	1.59722228945896E-08	1	3	3	catalytic activity, acting on a protein	MF	1.98604264405903E-06	MF catalytic activity, acting on a protein	group7772, group8496, group2649
subgenus Drosophila	GO:0009059	1.59967315190224E-08	1	3	3	macromolecule biosynthetic process	BP	1.98604264405903E-06	BP macromolecule biosynthetic process	group7814, group7772, group8591
subgenus Drosophila	GO:0034645	1.59967315190224E-08	1	3	3	cellular macromolecule biosynthetic process	BP	1.98604264405903E-06	BP cellular macromolecule biosynthetic process	group7814, group7772, group8591
subgenus Drosophila	GO:0044249	1.59967315190224E-08	1	3	3	cellular biosynthetic process	BP	1.98604264405903E-06	BP cellular biosynthetic process	group7814, group7772, group8591
subgenus Drosophila	GO:1901576	1.59967315190224E-08	1	3	3	organic substance biosynthetic process	BP	1.98604264405903E-06	BP organic substance biosynthetic process	group7814, group7772, group8591
subgenus Drosophila	GO:0006810	1.63460299922554E-08	1	3	3	transport	BP	1.98604264405903E-06	BP transport	group8518, group9250, group2649
subgenus Drosophila	GO:0051234	1.63460299922554E-08	1	3	3	establishment of localization	BP	1.98604264405903E-06	BP establishment of localization	group8518, group9250, group2649
subgenus Drosophila	GO:0032991	2.55271575178059E-08	0.999999999764441	5	57	protein-containing complex	CC	3.05525785276545E-06	CC protein-containing complex	group7814, group8525, group9097, group8496, group8591
subgenus Drosophila	GO:0070727	4.06550187771517E-08	0.99999999998157	3	4	cellular macromolecule localization	BP	4.79430287608793E-06	BP cellular macromolecule localization	group8518, group8809, group9250
subgenus Drosophila	GO:0050793	4.39231212533925E-08	0.999999999979567	3	4	regulation of developmental process	BP	5.10463057001383E-06	BP regulation of developmental process	group8809, group1728, group2649
subgenus Drosophila	GO:0010467	8.81859333777418E-08	0.999999999923736	3	5	gene expression	BP	1.01023285679445E-05	BP gene expression	group7814, group9250, group8591
subgenus Drosophila	GO:0051252	9.25568061165649E-08	0.999999999918651	3	5	regulation of RNA metabolic process	BP	1.04537046232216E-05	BP regulation of RNA metabolic process	group7814, group8525, group1728
subgenus Drosophila	GO:0009058	1.03500124556185E-06	0.999999996882003	3	10	biosynthetic process	BP	0.000115273263724	BP biosynthetic process	group7814, group7772, group8591
subgenus Drosophila	GO:0044427	3.24817400130292E-06	1	2	2	NA	NA	0.000356809689266	none	group2599, group9097
subgenus Drosophila	GO:0016043	4.52664369470408E-06	1	2	2	cellular component organization	BP	0.000433836447803	BP cellular component organization	group8809, group2599
subgenus Drosophila	GO:0071840	4.52664369470408E-06	1	2	2	cellular component organization or biogenesis	BP	0.000433836447803	BP cellular component organization or biogenesis	group8809, group2599
subgenus Drosophila	GO:0002376	4.70647117750436E-06	1	2	2	immune system process	BP	0.000433836447803	BP immune system process	group8809, group9097
subgenus Drosophila	GO:0002520	4.70647117750436E-06	1	2	2	immune system development	BP	0.000433836447803	BP immune system development	group8809, group9097
subgenus Drosophila	GO:0007049	4.70647117750436E-06	1	2	2	cell cycle	BP	0.000433836447803	BP cell cycle	group8809, group9097
subgenus Drosophila	GO:0019220	4.70647117750436E-06	1	2	2	regulation of phosphate metabolic process	BP	0.000433836447803	BP regulation of phosphate metabolic process	group8809, group9097
subgenus Drosophila	GO:0044430	4.70647117750436E-06	1	2	2	NA	NA	0.000433836447803	none	group8809, group9097
subgenus Drosophila	GO:0048534	4.70647117750436E-06	1	2	2	hematopoietic or lymphoid organ development	BP	0.000433836447803	BP hematopoietic or lymphoid organ development	group8809, group9097
subgenus Drosophila	GO:0048583	4.70647117750436E-06	1	2	2	regulation of response to stimulus	BP	0.000433836447803	BP regulation of response to stimulus	group8809, group9097
subgenus Drosophila	GO:0048731	4.70647117750436E-06	1	2	2	system development	BP	0.000433836447803	BP system development	group8809, group9097
subgenus Drosophila	GO:0048869	4.70647117750436E-06	1	2	2	cellular developmental process	BP	0.000433836447803	BP cellular developmental process	group8809, group9097
subgenus Drosophila	GO:0051174	4.70647117750436E-06	1	2	2	regulation of phosphorus metabolic process	BP	0.000433836447803	BP regulation of phosphorus metabolic process	group8809, group9097
subgenus Drosophila	GO:0065009	4.70647117750436E-06	1	2	2	regulation of molecular function	BP	0.000433836447803	BP regulation of molecular function	group8809, group9097
subgenus Drosophila	GO:0006725	4.92319700088123E-06	1	2	2	cellular aromatic compound metabolic process	BP	0.000433836447803	BP cellular aromatic compound metabolic process	group7814, group2599
subgenus Drosophila	GO:0046483	4.92319700088123E-06	1	2	2	heterocycle metabolic process	BP	0.000433836447803	BP heterocycle metabolic process	group7814, group2599
subgenus Drosophila	GO:0050896	4.92319700088123E-06	1	2	2	response to stimulus	BP	0.000433836447803	BP response to stimulus	group7814, group2599
subgenus Drosophila	GO:0090304	4.92319700088123E-06	1	2	2	nucleic acid metabolic process	BP	0.000433836447803	BP nucleic acid metabolic process	group7814, group2599
subgenus Drosophila	GO:1901360	4.92319700088123E-06	1	2	2	organic cyclic compound metabolic process	BP	0.000433836447803	BP organic cyclic compound metabolic process	group7814, group2599
subgenus Drosophila	GO:0097159	5.36820912696732E-06	1	2	2	organic cyclic compound binding	MF	0.000462878161174	MF organic cyclic compound binding	group8525, group8591
subgenus Drosophila	GO:1901363	5.36820912696732E-06	1	2	2	heterocyclic compound binding	MF	0.000462878161174	MF heterocyclic compound binding	group8525, group8591
subgenus Drosophila	GO:0051239	5.97776122197634E-06	1	2	2	regulation of multicellular organismal process	BP	0.000486234372043	BP regulation of multicellular organismal process	group8809, group1728
subgenus Drosophila	GO:2000026	5.97776122197634E-06	1	2	2	regulation of multicellular organismal development	BP	0.000486234372043	BP regulation of multicellular organismal development	group8809, group1728
subgenus Drosophila	GO:1901135	6.32572923203302E-06	1	2	2	carbohydrate derivative metabolic process	BP	0.000486234372043	BP carbohydrate derivative metabolic process	group8369, group1728
subgenus Drosophila	GO:0009889	6.43210555052066E-06	1	2	2	regulation of biosynthetic process	BP	0.000486234372043	BP regulation of biosynthetic process	group7814, group1728
subgenus Drosophila	GO:0010556	6.43210555052066E-06	1	2	2	regulation of macromolecule biosynthetic process	BP	0.000486234372043	BP regulation of macromolecule biosynthetic process	group7814, group1728
subgenus Drosophila	GO:0031326	6.43210555052066E-06	1	2	2	regulation of cellular biosynthetic process	BP	0.000486234372043	BP regulation of cellular biosynthetic process	group7814, group1728
subgenus Drosophila	GO:1903506	6.43210555052066E-06	1	2	2	regulation of nucleic acid-templated transcription	BP	0.000486234372043	BP regulation of nucleic acid-templated transcription	group7814, group1728
subgenus Drosophila	GO:2000112	6.43210555052066E-06	1	2	2	regulation of cellular macromolecule biosynthetic process	BP	0.000486234372043	BP regulation of cellular macromolecule biosynthetic process	group7814, group1728
subgenus Drosophila	GO:2001141	6.43210555052066E-06	1	2	2	regulation of RNA biosynthetic process	BP	0.000486234372043	BP regulation of RNA biosynthetic process	group7814, group1728
subgenus Drosophila	GO:0031984	6.55010785679495E-06	1	2	2	organelle subcompartment	CC	0.000486234372043	CC organelle subcompartment	group8518, group1728
subgenus Drosophila	GO:0065008	6.64415926338001E-06	1	2	2	regulation of biological quality	BP	0.000486234372043	BP regulation of biological quality	group8809, group2649
subgenus Drosophila	GO:0009893	6.6867561498033E-06	1	2	2	positive regulation of metabolic process	BP	0.000486234372043	BP positive regulation of metabolic process	group7814, group8809
subgenus Drosophila	GO:0010604	6.6867561498033E-06	1	2	2	positive regulation of macromolecule metabolic process	BP	0.000486234372043	BP positive regulation of macromolecule metabolic process	group7814, group8809
subgenus Drosophila	GO:0031325	6.6867561498033E-06	1	2	2	positive regulation of cellular metabolic process	BP	0.000486234372043	BP positive regulation of cellular metabolic process	group7814, group8809
subgenus Drosophila	GO:0048518	6.6867561498033E-06	1	2	2	positive regulation of biological process	BP	0.000486234372043	BP positive regulation of biological process	group7814, group8809
subgenus Drosophila	GO:0048522	6.6867561498033E-06	1	2	2	positive regulation of cellular process	BP	0.000486234372043	BP positive regulation of cellular process	group7814, group8809
subgenus Drosophila	GO:0051173	6.6867561498033E-06	1	2	2	positive regulation of nitrogen compound metabolic process	BP	0.000486234372043	BP positive regulation of nitrogen compound metabolic process	group7814, group8809
subgenus Drosophila	GO:1901566	6.78041082704627E-06	1	2	2	organonitrogen compound biosynthetic process	BP	0.000486234372043	BP organonitrogen compound biosynthetic process	group7772, group8591
subgenus Drosophila	GO:0015833	6.97305808516605E-06	1	2	2	peptide transport	BP	0.000486234372043	BP peptide transport	group8518, group9250
subgenus Drosophila	GO:0042886	6.97305808516605E-06	1	2	2	amide transport	BP	0.000486234372043	BP amide transport	group8518, group9250
subgenus Drosophila	GO:0051649	6.97305808516605E-06	1	2	2	establishment of localization in cell	BP	0.000486234372043	BP establishment of localization in cell	group8518, group9250
subgenus Drosophila	GO:0071705	6.97305808516605E-06	1	2	2	nitrogen compound transport	BP	0.000486234372043	BP nitrogen compound transport	group8518, group9250
subgenus Drosophila	GO:0044248	7.13429644041429E-06	1	2	2	cellular catabolic process	BP	0.000492504234661	BP cellular catabolic process	group8369, group8496
subgenus Drosophila	GO:0044271	7.21369423049932E-06	1	2	2	cellular nitrogen compound biosynthetic process	BP	0.000492504234661	BP cellular nitrogen compound biosynthetic process	group7814, group8591
subgenus Drosophila	GO:0070647	7.24722530115775E-06	1	2	2	protein modification by small protein conjugation or removal	BP	0.000492504234661	BP protein modification by small protein conjugation or removal	group7814, group8496
subgenus Drosophila	GO:0006996	7.9781384802501E-06	0.999999996174456	2	3	organelle organization	BP	0.00053761926448	BP organelle organization	group8809, group2599
subgenus Drosophila	GO:0048856	1.01762940834846E-05	0.999999922800316	3	24	anatomical structure development	BP	0.000680030852129	BP anatomical structure development	group8809, group2599, group9097
subgenus Drosophila	GO:0140110	1.08753064328732E-05	0.999999993909732	2	3	transcription regulator activity	MF	0.000720736217233	MF transcription regulator activity	group7814, group1728
subgenus Drosophila	GO:0034613	1.13095982050947E-05	0.999999912337828	3	21	cellular protein localization	BP	0.000743374327923	BP cellular protein localization	group8518, group8809, group9250
subgenus Drosophila	GO:0007275	1.66445522057032E-05	0.999999847051875	3	33	multicellular organism development	BP	0.001085143610874	BP multicellular organism development	group8809, group2599, group9097
subgenus Drosophila	GO:1990234	2.03287123941827E-05	0.999999984423126	2	3	transferase complex	CC	0.001314644715233	CC transferase complex	group7814, group8496
subgenus Drosophila	GO:1901575	3.38348634460247E-05	0.999999952678783	2	4	organic substance catabolic process	BP	0.002170574159789	BP organic substance catabolic process	group8369, group8496
subgenus Drosophila	GO:0005737	4.12771947255996E-05	0.999996748509981	9	1144	cytoplasm	CC	0.002626998607179	CC cytoplasm	group8518, group8369, group8809, group9250, group9097, group7772, group1728, group2649, group8591
subgenus Drosophila	GO:0009056	4.25529656296289E-05	0.999999933230159	2	4	catabolic process	BP	0.002686867963653	BP catabolic process	group8369, group8496
subgenus Drosophila	GO:0008104	5.28388377265694E-05	0.999999268226771	3	47	protein localization	BP	0.003310270622886	BP protein localization	group8518, group8809, group9250
subgenus Drosophila	GO:0048513	5.41092845346673E-05	0.999999888740083	2	5	animal organ development	BP	0.003363584129329	BP animal organ development	group8809, group9097
subgenus Drosophila	GO:0071702	6.18670336697735E-05	0.999999843565817	2	7	organic substance transport	BP	0.003816244176907	BP organic substance transport	group8518, group9250
subgenus Drosophila	GO:0045184	6.42585757751255E-05	0.999999827916384	2	8	establishment of protein localization	BP	0.0039335077797	BP establishment of protein localization	group8518, group9250
subgenus Drosophila	GO:0006139	6.72486358200179E-05	0.99999982268739	2	7	nucleobase-containing compound metabolic process	BP	0.004085354626066	BP nucleobase-containing compound metabolic process	group7814, group2599
subgenus Drosophila	GO:0050790	7.05633386440666E-05	0.999999819555739	2	6	regulation of catalytic activity	BP	0.004254491823961	BP regulation of catalytic activity	group8809, group9097
subgenus Drosophila	GO:0005654	7.89231527778918E-05	0.999997344090355	4	133	nucleoplasm	CC	0.00472302061288	CC nucleoplasm	group7814, group9250, group2599, group9097
subgenus Drosophila	GO:0005815	8.1554184859231E-05	0.999999741138343	2	10	microtubule organizing center	CC	0.004844318580638	CC microtubule organizing center	group8809, group9097
subgenus Drosophila	GO:0045595	9.52250136639849E-05	0.999999689306232	2	8	regulation of cell differentiation	BP	0.005614774886555	BP regulation of cell differentiation	group8809, group1728
subgenus Drosophila	GO:0032446	0.000121034033757	0.999999554521748	2	8	protein modification by small protein conjugation	BP	0.007084466545252	BP protein modification by small protein conjugation	group7814, group8496
subgenus Drosophila	GO:0012505	0.000231970677254	0.999989613040198	4	145	endomembrane system	CC	0.013479513484803	CC endomembrane system	group8518, group8809, group7772, group1728
subgenus Drosophila	GO:0046907	0.000268137213595	0.999998383165986	2	13	intracellular transport	BP	0.015469009466326	BP intracellular transport	group8518, group9250
subgenus Drosophila	GO:0010468	0.000309387227367	0.999992039216725	3	75	regulation of gene expression	BP	0.017721258401815	BP regulation of gene expression	group7814, group8525, group1728
subgenus Drosophila	GO:0005515	0.000355349758654	0.99996839897541	6	639	protein binding	MF	0.020209572444296	MF protein binding	group7814, group8369, group8809, group2599, group9097, group8591
subgenus Drosophila	GO:0015630	0.000387250816363	0.999997116794544	2	16	microtubule cytoskeleton	CC	0.021868762650824	CC microtubule cytoskeleton	group8809, group9097
subgenus Drosophila	GO:0005694	0.000691556036779	0.99999285211589	2	24	chromosome	CC	0.038780334677834	CC chromosome	group2599, group9097
subgenus Drosophila	GO:0000151	0.001019454600046	0.999987175472544	2	24	ubiquitin ligase complex	CC	0.056770878040075	CC ubiquitin ligase complex	group7814, group8496
subgenus Drosophila	GO:0005856	0.001177188561636	0.999983623042554	2	41	cytoskeleton	CC	0.064020965151938	CC cytoskeleton	group8809, group9097
subgenus Drosophila	GO:0005634	0.001225965341797	0.999837550714037	8	1383	nucleus	CC	0.064020965151938	CC nucleus	group7814, group8525, group8809, group9250, group2599, group9097, group8496, group2649
subgenus Drosophila	GO:0015031	0.00150829592662	0.999976676920484	2	27	protein transport	BP	0.064020965151938	BP protein transport	group8518, group9250
subgenus Drosophila	GO:0016787	0.00152053957638	0.999976567783157	2	24	hydrolase activity	MF	0.064020965151938	MF hydrolase activity	group2599, group1728
subgenus Drosophila	GO:0004003	0.001832175953176	1	1	1	NA	NA	0.064020965151938	none	group2599
subgenus Drosophila	GO:0008026	0.001832175953176	1	1	1	NA	NA	0.064020965151938	none	group2599
subgenus Drosophila	GO:0009628	0.001832175953176	1	1	1	response to abiotic stimulus	BP	0.064020965151938	BP response to abiotic stimulus	group2599
subgenus Drosophila	GO:0017111	0.001832175953176	1	1	1	nucleoside-triphosphatase activity	MF	0.064020965151938	MF nucleoside-triphosphatase activity	group2599
subgenus Drosophila	GO:0032392	0.001832175953176	1	1	1	DNA geometric change	BP	0.064020965151938	BP DNA geometric change	group2599
subgenus Drosophila	GO:0042623	0.001832175953176	1	1	1	NA	NA	0.064020965151938	none	group2599
subgenus Drosophila	GO:0043140	0.001832175953176	1	1	1	NA	NA	0.064020965151938	none	group2599
subgenus Drosophila	GO:0070035	0.001832175953176	1	1	1	NA	NA	0.064020965151938	none	group2599
subgenus Drosophila	GO:0071103	0.001832175953176	1	1	1	DNA conformation change	BP	0.064020965151938	BP DNA conformation change	group2599
subgenus Drosophila	GO:0090734	0.001832175953176	1	1	1	site of DNA damage	CC	0.064020965151938	CC site of DNA damage	group2599
subgenus Drosophila	GO:0140097	0.001832175953176	1	1	1	catalytic activity, acting on DNA	MF	0.064020965151938	MF catalytic activity, acting on DNA	group2599
subgenus Drosophila	GO:0000018	0.001919297993093	1	1	1	regulation of DNA recombination	BP	0.064020965151938	BP regulation of DNA recombination	group9097
subgenus Drosophila	GO:0008589	0.001919297993093	1	1	1	regulation of smoothened signaling pathway	BP	0.064020965151938	BP regulation of smoothened signaling pathway	group9097
subgenus Drosophila	GO:0010646	0.001919297993093	1	1	1	regulation of cell communication	BP	0.064020965151938	BP regulation of cell communication	group9097
subgenus Drosophila	GO:0010648	0.001919297993093	1	1	1	negative regulation of cell communication	BP	0.064020965151938	BP negative regulation of cell communication	group9097
subgenus Drosophila	GO:0010921	0.001919297993093	1	1	1	regulation of phosphatase activity	BP	0.064020965151938	BP regulation of phosphatase activity	group9097
subgenus Drosophila	GO:0023051	0.001919297993093	1	1	1	regulation of signaling	BP	0.064020965151938	BP regulation of signaling	group9097
subgenus Drosophila	GO:0023057	0.001919297993093	1	1	1	negative regulation of signaling	BP	0.064020965151938	BP negative regulation of signaling	group9097
subgenus Drosophila	GO:0048585	0.001919297993093	1	1	1	negative regulation of response to stimulus	BP	0.064020965151938	BP negative regulation of response to stimulus	group9097
subgenus Drosophila	GO:0051052	0.001919297993093	1	1	1	regulation of DNA metabolic process	BP	0.064020965151938	BP regulation of DNA metabolic process	group9097
subgenus Drosophila	GO:0051336	0.001919297993093	1	1	1	regulation of hydrolase activity	BP	0.064020965151938	BP regulation of hydrolase activity	group9097
subgenus Drosophila	GO:0080134	0.001919297993093	1	1	1	regulation of response to stress	BP	0.064020965151938	BP regulation of response to stress	group9097
subgenus Drosophila	GO:0080135	0.001919297993093	1	1	1	regulation of cellular response to stress	BP	0.064020965151938	BP regulation of cellular response to stress	group9097
subgenus Drosophila	GO:0098687	0.001919297993093	1	1	1	chromosomal region	CC	0.064020965151938	CC chromosomal region	group9097
subgenus Drosophila	GO:0098772	0.001919297993093	1	1	1	molecular function regulator	MF	0.064020965151938	MF molecular function regulator	group9097
subgenus Drosophila	GO:1903293	0.001919297993093	1	1	1	phosphatase complex	CC	0.064020965151938	CC phosphatase complex	group9097
subgenus Drosophila	GO:1903311	0.002018207713516	1	1	1	regulation of mRNA metabolic process	BP	0.064020965151938	BP regulation of mRNA metabolic process	group8525
subgenus Drosophila	GO:0010717	0.002492745663391	1	1	1	regulation of epithelial to mesenchymal transition	BP	0.064020965151938	BP regulation of epithelial to mesenchymal transition	group1728
subgenus Drosophila	GO:0010719	0.002492745663391	1	1	1	negative regulation of epithelial to mesenchymal transition	BP	0.064020965151938	BP negative regulation of epithelial to mesenchymal transition	group1728
subgenus Drosophila	GO:0015924	0.002492745663391	1	1	1	mannosyl-oligosaccharide mannosidase activity	MF	0.064020965151938	MF mannosyl-oligosaccharide mannosidase activity	group1728
subgenus Drosophila	GO:0044431	0.002492745663391	1	1	1	NA	NA	0.064020965151938	none	group1728
subgenus Drosophila	GO:0051093	0.002492745663391	1	1	1	negative regulation of developmental process	BP	0.064020965151938	BP negative regulation of developmental process	group1728
subgenus Drosophila	GO:0051241	0.002492745663391	1	1	1	negative regulation of multicellular organismal process	BP	0.064020965151938	BP negative regulation of multicellular organismal process	group1728
subgenus Drosophila	GO:0098588	0.002492745663391	1	1	1	bounding membrane of organelle	CC	0.064020965151938	CC bounding membrane of organelle	group1728
subgenus Drosophila	GO:0098791	0.002492745663391	1	1	1	Golgi apparatus subcompartment	CC	0.064020965151938	CC Golgi apparatus subcompartment	group1728
subgenus Drosophila	GO:0000910	0.00259621643024	1	1	1	cytokinesis	BP	0.064020965151938	BP cytokinesis	group8809
subgenus Drosophila	GO:0000911	0.00259621643024	1	1	1	cytokinesis by cell plate formation	BP	0.064020965151938	BP cytokinesis by cell plate formation	group8809
subgenus Drosophila	GO:0000913	0.00259621643024	1	1	1	preprophase band assembly	BP	0.064020965151938	BP preprophase band assembly	group8809
subgenus Drosophila	GO:0001776	0.00259621643024	1	1	1	leukocyte homeostasis	BP	0.064020965151938	BP leukocyte homeostasis	group8809
subgenus Drosophila	GO:0001782	0.00259621643024	1	1	1	B cell homeostasis	BP	0.064020965151938	BP B cell homeostasis	group8809
subgenus Drosophila	GO:0002260	0.00259621643024	1	1	1	lymphocyte homeostasis	BP	0.064020965151938	BP lymphocyte homeostasis	group8809
subgenus Drosophila	GO:0002682	0.00259621643024	1	1	1	regulation of immune system process	BP	0.064020965151938	BP regulation of immune system process	group8809
subgenus Drosophila	GO:0002684	0.00259621643024	1	1	1	positive regulation of immune system process	BP	0.064020965151938	BP positive regulation of immune system process	group8809
subgenus Drosophila	GO:0002694	0.00259621643024	1	1	1	regulation of leukocyte activation	BP	0.064020965151938	BP regulation of leukocyte activation	group8809
subgenus Drosophila	GO:0002696	0.00259621643024	1	1	1	positive regulation of leukocyte activation	BP	0.064020965151938	BP positive regulation of leukocyte activation	group8809
subgenus Drosophila	GO:0002759	0.00259621643024	1	1	1	regulation of antimicrobial humoral response	BP	0.064020965151938	BP regulation of antimicrobial humoral response	group8809
subgenus Drosophila	GO:0002831	0.00259621643024	1	1	1	regulation of response to biotic stimulus	BP	0.064020965151938	BP regulation of response to biotic stimulus	group8809
subgenus Drosophila	GO:0003254	0.00259621643024	1	1	1	regulation of membrane depolarization	BP	0.064020965151938	BP regulation of membrane depolarization	group8809
subgenus Drosophila	GO:0009524	0.00259621643024	1	1	1	phragmoplast	CC	0.064020965151938	CC phragmoplast	group8809
subgenus Drosophila	GO:0009790	0.00259621643024	1	1	1	embryo development	BP	0.064020965151938	BP embryo development	group8809
subgenus Drosophila	GO:0010562	0.00259621643024	1	1	1	positive regulation of phosphorus metabolic process	BP	0.064020965151938	BP positive regulation of phosphorus metabolic process	group8809
subgenus Drosophila	GO:0016049	0.00259621643024	1	1	1	cell growth	BP	0.064020965151938	BP cell growth	group8809
subgenus Drosophila	GO:0022402	0.00259621643024	1	1	1	cell cycle process	BP	0.064020965151938	BP cell cycle process	group8809
subgenus Drosophila	GO:0022607	0.00259621643024	1	1	1	cellular component assembly	BP	0.064020965151938	BP cellular component assembly	group8809
subgenus Drosophila	GO:0031401	0.00259621643024	1	1	1	positive regulation of protein modification process	BP	0.064020965151938	BP positive regulation of protein modification process	group8809
subgenus Drosophila	GO:0032101	0.00259621643024	1	1	1	regulation of response to external stimulus	BP	0.064020965151938	BP regulation of response to external stimulus	group8809
subgenus Drosophila	GO:0032270	0.00259621643024	1	1	1	positive regulation of cellular protein metabolic process	BP	0.064020965151938	BP positive regulation of cellular protein metabolic process	group8809
subgenus Drosophila	GO:0032506	0.00259621643024	1	1	1	cytokinetic process	BP	0.064020965151938	BP cytokinetic process	group8809
subgenus Drosophila	GO:0032989	0.00259621643024	1	1	1	cellular component morphogenesis	BP	0.064020965151938	BP cellular component morphogenesis	group8809
subgenus Drosophila	GO:0040007	0.00259621643024	1	1	1	growth	BP	0.064020965151938	BP growth	group8809
subgenus Drosophila	GO:0042592	0.00259621643024	1	1	1	homeostatic process	BP	0.064020965151938	BP homeostatic process	group8809
subgenus Drosophila	GO:0043029	0.00259621643024	1	1	1	T cell homeostasis	BP	0.064020965151938	BP T cell homeostasis	group8809
subgenus Drosophila	GO:0043085	0.00259621643024	1	1	1	positive regulation of catalytic activity	BP	0.064020965151938	BP positive regulation of catalytic activity	group8809
subgenus Drosophila	GO:0043549	0.00259621643024	1	1	1	regulation of kinase activity	BP	0.064020965151938	BP regulation of kinase activity	group8809
subgenus Drosophila	GO:0043900	0.00259621643024	1	1	1	NA	NA	0.064020965151938	none	group8809
subgenus Drosophila	GO:0044085	0.00259621643024	1	1	1	cellular component biogenesis	BP	0.064020965151938	BP cellular component biogenesis	group8809
subgenus Drosophila	GO:0044093	0.00259621643024	1	1	1	positive regulation of molecular function	BP	0.064020965151938	BP positive regulation of molecular function	group8809
subgenus Drosophila	GO:0045577	0.00259621643024	1	1	1	regulation of B cell differentiation	BP	0.064020965151938	BP regulation of B cell differentiation	group8809
subgenus Drosophila	GO:0045579	0.00259621643024	1	1	1	positive regulation of B cell differentiation	BP	0.064020965151938	BP positive regulation of B cell differentiation	group8809
subgenus Drosophila	GO:0045597	0.00259621643024	1	1	1	positive regulation of cell differentiation	BP	0.064020965151938	BP positive regulation of cell differentiation	group8809
subgenus Drosophila	GO:0045619	0.00259621643024	1	1	1	regulation of lymphocyte differentiation	BP	0.064020965151938	BP regulation of lymphocyte differentiation	group8809
subgenus Drosophila	GO:0045621	0.00259621643024	1	1	1	positive regulation of lymphocyte differentiation	BP	0.064020965151938	BP positive regulation of lymphocyte differentiation	group8809
subgenus Drosophila	GO:0045937	0.00259621643024	1	1	1	positive regulation of phosphate metabolic process	BP	0.064020965151938	BP positive regulation of phosphate metabolic process	group8809
subgenus Drosophila	GO:0048536	0.00259621643024	1	1	1	spleen development	BP	0.064020965151938	BP spleen development	group8809
subgenus Drosophila	GO:0048872	0.00259621643024	1	1	1	homeostasis of number of cells	BP	0.064020965151938	BP homeostasis of number of cells	group8809
subgenus Drosophila	GO:0048878	0.00259621643024	1	1	1	chemical homeostasis	BP	0.064020965151938	BP chemical homeostasis	group8809
subgenus Drosophila	GO:0050864	0.00259621643024	1	1	1	regulation of B cell activation	BP	0.064020965151938	BP regulation of B cell activation	group8809
subgenus Drosophila	GO:0050865	0.00259621643024	1	1	1	regulation of cell activation	BP	0.064020965151938	BP regulation of cell activation	group8809
subgenus Drosophila	GO:0050867	0.00259621643024	1	1	1	positive regulation of cell activation	BP	0.064020965151938	BP positive regulation of cell activation	group8809
subgenus Drosophila	GO:0050871	0.00259621643024	1	1	1	positive regulation of B cell activation	BP	0.064020965151938	BP positive regulation of B cell activation	group8809
subgenus Drosophila	GO:0051094	0.00259621643024	1	1	1	positive regulation of developmental process	BP	0.064020965151938	BP positive regulation of developmental process	group8809
subgenus Drosophila	GO:0051240	0.00259621643024	1	1	1	positive regulation of multicellular organismal process	BP	0.064020965151938	BP positive regulation of multicellular organismal process	group8809
subgenus Drosophila	GO:0051247	0.00259621643024	1	1	1	positive regulation of protein metabolic process	BP	0.064020965151938	BP positive regulation of protein metabolic process	group8809
subgenus Drosophila	GO:0051249	0.00259621643024	1	1	1	regulation of lymphocyte activation	BP	0.064020965151938	BP regulation of lymphocyte activation	group8809
subgenus Drosophila	GO:0051251	0.00259621643024	1	1	1	positive regulation of lymphocyte activation	BP	0.064020965151938	BP positive regulation of lymphocyte activation	group8809
subgenus Drosophila	GO:0051338	0.00259621643024	1	1	1	regulation of transferase activity	BP	0.064020965151938	BP regulation of transferase activity	group8809
subgenus Drosophila	GO:0051347	0.00259621643024	1	1	1	positive regulation of transferase activity	BP	0.064020965151938	BP positive regulation of transferase activity	group8809
subgenus Drosophila	GO:0060560	0.00259621643024	1	1	1	developmental growth involved in morphogenesis	BP	0.064020965151938	BP developmental growth involved in morphogenesis	group8809
subgenus Drosophila	GO:0070925	0.00259621643024	1	1	1	organelle assembly	BP	0.064020965151938	BP organelle assembly	group8809
subgenus Drosophila	GO:0140014	0.00259621643024	1	1	1	mitotic nuclear division	BP	0.064020965151938	BP mitotic nuclear division	group8809
subgenus Drosophila	GO:1902105	0.00259621643024	1	1	1	regulation of leukocyte differentiation	BP	0.064020965151938	BP regulation of leukocyte differentiation	group8809
subgenus Drosophila	GO:1902107	0.00259621643024	1	1	1	positive regulation of leukocyte differentiation	BP	0.064020965151938	BP positive regulation of leukocyte differentiation	group8809
subgenus Drosophila	GO:1903047	0.00259621643024	1	1	1	mitotic cell cycle process	BP	0.064020965151938	BP mitotic cell cycle process	group8809
subgenus Drosophila	GO:1903708	0.00259621643024	1	1	1	positive regulation of hemopoiesis	BP	0.064020965151938	BP positive regulation of hemopoiesis	group8809
subgenus Drosophila	GO:0016417	0.002615555884543	1	1	1	S-acyltransferase activity	MF	0.064020965151938	MF S-acyltransferase activity	group7772
subgenus Drosophila	GO:0019707	0.002615555884543	1	1	1	protein-cysteine S-acyltransferase activity	MF	0.064020965151938	MF protein-cysteine S-acyltransferase activity	group7772
subgenus Drosophila	GO:0042158	0.002615555884543	1	1	1	lipoprotein biosynthetic process	BP	0.064020965151938	BP lipoprotein biosynthetic process	group7772
subgenus Drosophila	GO:0043543	0.002615555884543	1	1	1	protein acylation	BP	0.064020965151938	BP protein acylation	group7772
subgenus Drosophila	GO:0001750	0.002662025076136	1	1	1	photoreceptor outer segment	CC	0.064020965151938	CC photoreceptor outer segment	group9250
subgenus Drosophila	GO:0015931	0.002662025076136	1	1	1	nucleobase-containing compound transport	BP	0.064020965151938	BP nucleobase-containing compound transport	group9250
subgenus Drosophila	GO:0016032	0.002662025076136	1	1	1	viral process	BP	0.064020965151938	BP viral process	group9250
subgenus Drosophila	GO:0031503	0.002662025076136	1	1	1	protein-containing complex localization	BP	0.064020965151938	BP protein-containing complex localization	group9250
subgenus Drosophila	GO:0044403	0.002662025076136	1	1	1	biological process involved in symbiotic interaction	BP	0.064020965151938	BP biological process involved in symbiotic interaction	group9250
subgenus Drosophila	GO:0044419	0.002662025076136	1	1	1	biological process involved in interspecies interaction between organisms	BP	0.064020965151938	BP biological process involved in interspecies interaction between organisms	group9250
subgenus Drosophila	GO:0044441	0.002662025076136	1	1	1	NA	NA	0.064020965151938	none	group9250
subgenus Drosophila	GO:0044463	0.002662025076136	1	1	1	NA	NA	0.064020965151938	none	group9250
subgenus Drosophila	GO:0050657	0.002662025076136	1	1	1	nucleic acid transport	BP	0.064020965151938	BP nucleic acid transport	group9250
subgenus Drosophila	GO:0051169	0.002662025076136	1	1	1	nuclear transport	BP	0.064020965151938	BP nuclear transport	group9250
subgenus Drosophila	GO:0051704	0.002662025076136	1	1	1	multi-organism process	BP	0.064020965151938	BP multi-organism process	group9250
subgenus Drosophila	GO:0071166	0.002662025076136	1	1	1	ribonucleoprotein complex localization	BP	0.064020965151938	BP ribonucleoprotein complex localization	group9250
subgenus Drosophila	GO:0071427	0.002662025076136	1	1	1	mRNA-containing ribonucleoprotein complex export from nucleus	BP	0.064020965151938	BP mRNA-containing ribonucleoprotein complex export from nucleus	group9250
subgenus Drosophila	GO:0097458	0.002662025076136	1	1	1	NA	NA	0.064020965151938	none	group9250
subgenus Drosophila	GO:0097731	0.002662025076136	1	1	1	9+0 non-motile cilium	CC	0.064020965151938	CC 9+0 non-motile cilium	group9250
subgenus Drosophila	GO:0097733	0.002662025076136	1	1	1	photoreceptor cell cilium	CC	0.064020965151938	CC photoreceptor cell cilium	group9250
subgenus Drosophila	GO:0120025	0.002662025076136	1	1	1	plasma membrane bounded cell projection	CC	0.064020965151938	CC plasma membrane bounded cell projection	group9250
subgenus Drosophila	GO:0120038	0.002662025076136	1	1	1	NA	NA	0.064020965151938	none	group9250
subgenus Drosophila	GO:0140104	0.002662025076136	1	1	1	molecular carrier activity	MF	0.064020965151938	MF molecular carrier activity	group9250
subgenus Drosophila	GO:0140142	0.002662025076136	1	1	1	nucleocytoplasmic carrier activity	MF	0.064020965151938	MF nucleocytoplasmic carrier activity	group9250
subgenus Drosophila	GO:0006040	0.002742195566227	1	1	1	amino sugar metabolic process	BP	0.064020965151938	BP amino sugar metabolic process	group8369
subgenus Drosophila	GO:0006054	0.002742195566227	1	1	1	N-acetylneuraminate metabolic process	BP	0.064020965151938	BP N-acetylneuraminate metabolic process	group8369
subgenus Drosophila	GO:0008747	0.002742195566227	1	1	1	N-acetylneuraminate lyase activity	MF	0.064020965151938	MF N-acetylneuraminate lyase activity	group8369
subgenus Drosophila	GO:0016054	0.002742195566227	1	1	1	organic acid catabolic process	BP	0.064020965151938	BP organic acid catabolic process	group8369
subgenus Drosophila	GO:0016829	0.002742195566227	1	1	1	lyase activity	MF	0.064020965151938	MF lyase activity	group8369
subgenus Drosophila	GO:0016833	0.002742195566227	1	1	1	oxo-acid-lyase activity	MF	0.064020965151938	MF oxo-acid-lyase activity	group8369
subgenus Drosophila	GO:0016999	0.002742195566227	1	1	1	antibiotic metabolic process	BP	0.064020965151938	BP antibiotic metabolic process	group8369
subgenus Drosophila	GO:0017001	0.002742195566227	1	1	1	antibiotic catabolic process	BP	0.064020965151938	BP antibiotic catabolic process	group8369
subgenus Drosophila	GO:0017144	0.002742195566227	1	1	1	NA	NA	0.064020965151938	none	group8369
subgenus Drosophila	GO:0019262	0.002742195566227	1	1	1	N-acetylneuraminate catabolic process	BP	0.064020965151938	BP N-acetylneuraminate catabolic process	group8369
subgenus Drosophila	GO:0042737	0.002742195566227	1	1	1	NA	NA	0.064020965151938	none	group8369
subgenus Drosophila	GO:0043436	0.002742195566227	1	1	1	oxoacid metabolic process	BP	0.064020965151938	BP oxoacid metabolic process	group8369
subgenus Drosophila	GO:0044281	0.002742195566227	1	1	1	small molecule metabolic process	BP	0.064020965151938	BP small molecule metabolic process	group8369
subgenus Drosophila	GO:0044282	0.002742195566227	1	1	1	small molecule catabolic process	BP	0.064020965151938	BP small molecule catabolic process	group8369
subgenus Drosophila	GO:0046348	0.002742195566227	1	1	1	amino sugar catabolic process	BP	0.064020965151938	BP amino sugar catabolic process	group8369
subgenus Drosophila	GO:0046395	0.002742195566227	1	1	1	carboxylic acid catabolic process	BP	0.064020965151938	BP carboxylic acid catabolic process	group8369
subgenus Drosophila	GO:1901136	0.002742195566227	1	1	1	carbohydrate derivative catabolic process	BP	0.064020965151938	BP carbohydrate derivative catabolic process	group8369
subgenus Drosophila	GO:0006793	0.002768848595234	1	1	1	phosphorus metabolic process	BP	0.064020965151938	BP phosphorus metabolic process	group2649
subgenus Drosophila	GO:0016772	0.002768848595234	1	1	1	transferase activity, transferring phosphorus-containing groups	MF	0.064020965151938	MF transferase activity, transferring phosphorus-containing groups	group2649
subgenus Drosophila	GO:0018193	0.002768848595234	1	1	1	peptidyl-amino acid modification	BP	0.064020965151938	BP peptidyl-amino acid modification	group2649
subgenus Drosophila	GO:0018209	0.002768848595234	1	1	1	peptidyl-serine modification	BP	0.064020965151938	BP peptidyl-serine modification	group2649
subgenus Drosophila	GO:0022603	0.002768848595234	1	1	1	regulation of anatomical structure morphogenesis	BP	0.064020965151938	BP regulation of anatomical structure morphogenesis	group2649
subgenus Drosophila	GO:0022604	0.002768848595234	1	1	1	regulation of cell morphogenesis	BP	0.064020965151938	BP regulation of cell morphogenesis	group2649
subgenus Drosophila	GO:0051128	0.002768848595234	1	1	1	regulation of cellular component organization	BP	0.064020965151938	BP regulation of cellular component organization	group2649
subgenus Drosophila	GO:0098657	0.002768848595234	1	1	1	import into cell	BP	0.064020965151938	BP import into cell	group2649
subgenus Drosophila	GO:0009719	0.002786014337525	1	1	1	response to endogenous stimulus	BP	0.064020965151938	BP response to endogenous stimulus	group7814
subgenus Drosophila	GO:0009891	0.002786014337525	1	1	1	positive regulation of biosynthetic process	BP	0.064020965151938	BP positive regulation of biosynthetic process	group7814
subgenus Drosophila	GO:0010557	0.002786014337525	1	1	1	positive regulation of macromolecule biosynthetic process	BP	0.064020965151938	BP positive regulation of macromolecule biosynthetic process	group7814
subgenus Drosophila	GO:0014070	0.002786014337525	1	1	1	response to organic cyclic compound	BP	0.064020965151938	BP response to organic cyclic compound	group7814
subgenus Drosophila	GO:0018130	0.002786014337525	1	1	1	heterocycle biosynthetic process	BP	0.064020965151938	BP heterocycle biosynthetic process	group7814
subgenus Drosophila	GO:0019438	0.002786014337525	1	1	1	aromatic compound biosynthetic process	BP	0.064020965151938	BP aromatic compound biosynthetic process	group7814
subgenus Drosophila	GO:0030518	0.002786014337525	1	1	1	intracellular steroid hormone receptor signaling pathway	BP	0.064020965151938	BP intracellular steroid hormone receptor signaling pathway	group7814
subgenus Drosophila	GO:0030521	0.002786014337525	1	1	1	androgen receptor signaling pathway	BP	0.064020965151938	BP androgen receptor signaling pathway	group7814
subgenus Drosophila	GO:0030522	0.002786014337525	1	1	1	intracellular receptor signaling pathway	BP	0.064020965151938	BP intracellular receptor signaling pathway	group7814
subgenus Drosophila	GO:0031328	0.002786014337525	1	1	1	positive regulation of cellular biosynthetic process	BP	0.064020965151938	BP positive regulation of cellular biosynthetic process	group7814
subgenus Drosophila	GO:0032774	0.002786014337525	1	1	1	RNA biosynthetic process	BP	0.064020965151938	BP RNA biosynthetic process	group7814
subgenus Drosophila	GO:0032870	0.002786014337525	1	1	1	cellular response to hormone stimulus	BP	0.064020965151938	BP cellular response to hormone stimulus	group7814
subgenus Drosophila	GO:0034654	0.002786014337525	1	1	1	nucleobase-containing compound biosynthetic process	BP	0.064020965151938	BP nucleobase-containing compound biosynthetic process	group7814
subgenus Drosophila	GO:0042221	0.002786014337525	1	1	1	response to chemical	BP	0.064020965151938	BP response to chemical	group7814
subgenus Drosophila	GO:0042809	0.002786014337525	1	1	1	vitamin D receptor binding	MF	0.064020965151938	MF vitamin D receptor binding	group7814
subgenus Drosophila	GO:0044451	0.002786014337525	1	1	1	NA	NA	0.064020965151938	none	group7814
subgenus Drosophila	GO:0045935	0.002786014337525	1	1	1	positive regulation of nucleobase-containing compound metabolic process	BP	0.064020965151938	BP positive regulation of nucleobase-containing compound metabolic process	group7814
subgenus Drosophila	GO:0046966	0.002786014337525	1	1	1	thyroid hormone receptor binding	MF	0.064020965151938	MF thyroid hormone receptor binding	group7814
subgenus Drosophila	GO:0048545	0.002786014337525	1	1	1	response to steroid hormone	BP	0.064020965151938	BP response to steroid hormone	group7814
subgenus Drosophila	GO:0051254	0.002786014337525	1	1	1	positive regulation of RNA metabolic process	BP	0.064020965151938	BP positive regulation of RNA metabolic process	group7814
subgenus Drosophila	GO:0051716	0.002786014337525	1	1	1	cellular response to stimulus	BP	0.064020965151938	BP cellular response to stimulus	group7814
subgenus Drosophila	GO:0060089	0.002786014337525	1	1	1	molecular transducer activity	MF	0.064020965151938	MF molecular transducer activity	group7814
subgenus Drosophila	GO:0070887	0.002786014337525	1	1	1	cellular response to chemical stimulus	BP	0.064020965151938	BP cellular response to chemical stimulus	group7814
subgenus Drosophila	GO:0071310	0.002786014337525	1	1	1	cellular response to organic substance	BP	0.064020965151938	BP cellular response to organic substance	group7814
subgenus Drosophila	GO:0071383	0.002786014337525	1	1	1	cellular response to steroid hormone stimulus	BP	0.064020965151938	BP cellular response to steroid hormone stimulus	group7814
subgenus Drosophila	GO:0071396	0.002786014337525	1	1	1	cellular response to lipid	BP	0.064020965151938	BP cellular response to lipid	group7814
subgenus Drosophila	GO:0071407	0.002786014337525	1	1	1	cellular response to organic cyclic compound	BP	0.064020965151938	BP cellular response to organic cyclic compound	group7814
subgenus Drosophila	GO:0071495	0.002786014337525	1	1	1	cellular response to endogenous stimulus	BP	0.064020965151938	BP cellular response to endogenous stimulus	group7814
subgenus Drosophila	GO:0097659	0.002786014337525	1	1	1	nucleic acid-templated transcription	BP	0.064020965151938	BP nucleic acid-templated transcription	group7814
subgenus Drosophila	GO:0098727	0.002786014337525	1	1	1	maintenance of cell number	BP	0.064020965151938	BP maintenance of cell number	group7814
subgenus Drosophila	GO:1901362	0.002786014337525	1	1	1	organic cyclic compound biosynthetic process	BP	0.064020965151938	BP organic cyclic compound biosynthetic process	group7814
subgenus Drosophila	GO:1902680	0.002786014337525	1	1	1	positive regulation of RNA biosynthetic process	BP	0.064020965151938	BP positive regulation of RNA biosynthetic process	group7814
subgenus Drosophila	GO:1903508	0.002786014337525	1	1	1	positive regulation of nucleic acid-templated transcription	BP	0.064020965151938	BP positive regulation of nucleic acid-templated transcription	group7814
subgenus Drosophila	GO:0043043	0.002804227896415	1	1	1	peptide biosynthetic process	BP	0.064020965151938	BP peptide biosynthetic process	group8591
subgenus Drosophila	GO:0043603	0.002804227896415	1	1	1	cellular amide metabolic process	BP	0.064020965151938	BP cellular amide metabolic process	group8591
subgenus Drosophila	GO:0043604	0.002804227896415	1	1	1	amide biosynthetic process	BP	0.064020965151938	BP amide biosynthetic process	group8591
subgenus Drosophila	GO:0000152	0.002817202315574	1	1	1	nuclear ubiquitin ligase complex	CC	0.064020965151938	CC nuclear ubiquitin ligase complex	group8496
subgenus Drosophila	GO:0009057	0.002817202315574	1	1	1	macromolecule catabolic process	BP	0.064020965151938	BP macromolecule catabolic process	group8496
subgenus Drosophila	GO:0009892	0.002817202315574	1	1	1	negative regulation of metabolic process	BP	0.064020965151938	BP negative regulation of metabolic process	group8496
subgenus Drosophila	GO:0010605	0.002817202315574	1	1	1	negative regulation of macromolecule metabolic process	BP	0.064020965151938	BP negative regulation of macromolecule metabolic process	group8496
subgenus Drosophila	GO:0019787	0.002817202315574	1	1	1	ubiquitin-like protein transferase activity	MF	0.064020965151938	MF ubiquitin-like protein transferase activity	group8496
subgenus Drosophila	GO:0019941	0.002817202315574	1	1	1	modification-dependent protein catabolic process	BP	0.064020965151938	BP modification-dependent protein catabolic process	group8496
subgenus Drosophila	GO:0031324	0.002817202315574	1	1	1	negative regulation of cellular metabolic process	BP	0.064020965151938	BP negative regulation of cellular metabolic process	group8496
subgenus Drosophila	GO:0031400	0.002817202315574	1	1	1	negative regulation of protein modification process	BP	0.064020965151938	BP negative regulation of protein modification process	group8496
subgenus Drosophila	GO:0032269	0.002817202315574	1	1	1	negative regulation of cellular protein metabolic process	BP	0.064020965151938	BP negative regulation of cellular protein metabolic process	group8496
subgenus Drosophila	GO:0033233	0.002817202315574	1	1	1	regulation of protein sumoylation	BP	0.064020965151938	BP regulation of protein sumoylation	group8496
subgenus Drosophila	GO:0033234	0.002817202315574	1	1	1	negative regulation of protein sumoylation	BP	0.064020965151938	BP negative regulation of protein sumoylation	group8496
subgenus Drosophila	GO:0043632	0.002817202315574	1	1	1	modification-dependent macromolecule catabolic process	BP	0.064020965151938	BP modification-dependent macromolecule catabolic process	group8496
subgenus Drosophila	GO:0044265	0.002817202315574	1	1	1	cellular macromolecule catabolic process	BP	0.064020965151938	BP cellular macromolecule catabolic process	group8496
subgenus Drosophila	GO:0051172	0.002817202315574	1	1	1	negative regulation of nitrogen compound metabolic process	BP	0.064020965151938	BP negative regulation of nitrogen compound metabolic process	group8496
subgenus Drosophila	GO:0051248	0.002817202315574	1	1	1	negative regulation of protein metabolic process	BP	0.064020965151938	BP negative regulation of protein metabolic process	group8496
subgenus Drosophila	GO:0061659	0.002817202315574	1	1	1	ubiquitin-like protein ligase activity	MF	0.064020965151938	MF ubiquitin-like protein ligase activity	group8496
subgenus Drosophila	GO:1903320	0.002817202315574	1	1	1	regulation of protein modification by small protein conjugation or removal	BP	0.064020965151938	BP regulation of protein modification by small protein conjugation or removal	group8496
subgenus Drosophila	GO:1903321	0.002817202315574	1	1	1	negative regulation of protein modification by small protein conjugation or removal	BP	0.064020965151938	BP negative regulation of protein modification by small protein conjugation or removal	group8496
subgenus Drosophila	GO:0010827	0.002834199105741	1	1	1	regulation of glucose transmembrane transport	BP	0.064020965151938	BP regulation of glucose transmembrane transport	group8518
subgenus Drosophila	GO:0014802	0.002834199105741	1	1	1	terminal cisterna	CC	0.064020965151938	CC terminal cisterna	group8518
subgenus Drosophila	GO:0034762	0.002834199105741	1	1	1	regulation of transmembrane transport	BP	0.064020965151938	BP regulation of transmembrane transport	group8518
subgenus Drosophila	GO:0042175	0.002834199105741	1	1	1	nuclear outer membrane-endoplasmic reticulum membrane network	CC	0.064020965151938	CC nuclear outer membrane-endoplasmic reticulum membrane network	group8518
subgenus Drosophila	GO:0044425	0.002834199105741	1	1	1	NA	NA	0.064020965151938	none	group8518
subgenus Drosophila	GO:0044432	0.002834199105741	1	1	1	NA	NA	0.064020965151938	none	group8518
subgenus Drosophila	GO:0044459	0.002834199105741	1	1	1	NA	NA	0.064020965151938	none	group8518
subgenus Drosophila	GO:0046324	0.002834199105741	1	1	1	regulation of glucose import	BP	0.064020965151938	BP regulation of glucose import	group8518
subgenus Drosophila	GO:0071806	0.002834199105741	1	1	1	protein transmembrane transport	BP	0.064020965151938	BP protein transmembrane transport	group8518
subgenus Drosophila	GO:0098827	0.002834199105741	1	1	1	endoplasmic reticulum subcompartment	CC	0.064020965151938	CC endoplasmic reticulum subcompartment	group8518
subgenus Drosophila	GO:0030289	0.002879737206537	0.99999808358532	1	2	protein phosphatase 4 complex	CC	0.064866889492187	CC protein phosphatase 4 complex	group9097
subgenus Drosophila	GO:0045596	0.003221627022401	0.999997601087355	1	2	negative regulation of cell differentiation	BP	0.072364781772077	BP negative regulation of cell differentiation	group1728
subgenus Drosophila	GO:0006259	0.003281765846737	0.999997510608537	1	2	DNA metabolic process	BP	0.073509721578178	BP DNA metabolic process	group2599
subgenus Drosophila	GO:0015923	0.003307636455237	0.999997471170094	1	2	mannosidase activity	MF	0.073882832129655	MF mannosidase activity	group1728
subgenus Drosophila	GO:0035304	0.00341258910025	0.9999973079899	1	2	regulation of protein dephosphorylation	BP	0.076015422208077	BP regulation of protein dephosphorylation	group9097
subgenus Drosophila	GO:0051236	0.003476788216824	0.999997205653784	1	2	establishment of RNA localization	BP	0.077230927176479	BP establishment of RNA localization	group9250
subgenus Drosophila	GO:0065002	0.003496711095987	0.999997173506999	1	2	intracellular protein transmembrane transport	BP	0.077355712551148	BP intracellular protein transmembrane transport	group8518
subgenus Drosophila	GO:0016528	0.003501698922068	0.999997165430005	1	2	sarcoplasm	CC	0.077355712551148	CC sarcoplasm	group8518
subgenus Drosophila	GO:0016462	0.003524422302688	0.999997128486975	1	2	pyrophosphatase activity	MF	0.077643797926517	MF pyrophosphatase activity	group2599
subgenus Drosophila	GO:0030315	0.003632883226842	0.999996948852383	1	2	T-tubule	CC	0.079813946838491	CC T-tubule	group8518
subgenus Drosophila	GO:2000779	0.0036625479195	0.999996898770327	1	2	regulation of double-strand break repair	BP	0.080245824498546	BP regulation of double-strand break repair	group9097
subgenus Drosophila	GO:0042157	0.003735345628909	0.999996774136712	1	2	lipoprotein metabolic process	BP	0.081617810894334	BP lipoprotein metabolic process	group7772
subgenus Drosophila	GO:0023052	0.003839629327924	0.999996591310593	1	2	signaling	BP	0.083668444512571	BP signaling	group7814
subgenus Drosophila	GO:0008135	0.003868563928509	0.999996539688684	1	2	translation factor activity, RNA binding	MF	0.084070499031736	MF translation factor activity, RNA binding	group8591
subgenus Drosophila	GO:0050801	0.003990511399527	0.999995091642584	1	3	ion homeostasis	BP	0.086486245710293	BP ion homeostasis	group8809
subgenus Drosophila	GO:0016798	0.004123272378322	0.999996068489734	1	2	hydrolase activity, acting on glycosyl bonds	MF	0.089122698657053	MF hydrolase activity, acting on glycosyl bonds	group1728
subgenus Drosophila	GO:0044257	0.004214724216106	0.999995891955452	1	2	cellular protein catabolic process	BP	0.09085449862622	BP cellular protein catabolic process	group8496
subgenus Drosophila	GO:0016818	0.00426274020755	0.999995797711976	1	2	hydrolase activity, acting on acid anhydrides, in phosphorus-containing anhydrides	MF	0.091216904554743	MF hydrolase activity, acting on acid anhydrides, in phosphorus-containing anhydrides	group2599
subgenus Drosophila	GO:0009100	0.004263134620634	0.999994397343369	1	3	glycoprotein metabolic process	BP	0.091216904554743	BP glycoprotein metabolic process	group1728
subgenus Drosophila	GO:1902410	0.004265661455048	0.999995791943722	1	2	mitotic cytokinetic process	BP	0.091216904554743	BP mitotic cytokinetic process	group8809
subgenus Drosophila	GO:1903706	0.004283652668069	0.999995756331114	1	2	regulation of hemopoiesis	BP	0.091358007301182	BP regulation of hemopoiesis	group8809
subgenus Drosophila	GO:0008287	0.004301384396411	0.999995721084972	1	2	protein serine/threonine phosphatase complex	CC	0.091492842108272	CC protein serine/threonine phosphatase complex	group9097
subgenus Drosophila	GO:0019903	0.00436607885231	0.999994123205149	1	3	protein phosphatase binding	MF	0.092410723608872	MF protein phosphatase binding	group8809
subgenus Drosophila	GO:0009725	0.004370496457801	0.99999411129434	1	3	response to hormone	BP	0.092410723608872	BP response to hormone	group7814
subgenus Drosophila	GO:0051900	0.004379108987576	0.999995564864461	1	2	regulation of mitochondrial depolarization	BP	0.092410723608872	BP regulation of mitochondrial depolarization	group8809
subgenus Drosophila	GO:0002244	0.004398730769257	0.999995524982327	1	2	hematopoietic progenitor cell differentiation	BP	0.092581160206483	BP hematopoietic progenitor cell differentiation	group9097
subgenus Drosophila	GO:0033993	0.004505856238534	0.999995304089703	1	2	response to lipid	BP	0.094587594703685	BP response to lipid	group7814
subgenus Drosophila	GO:0035303	0.004604224615495	0.999995096556012	1	2	regulation of dephosphorylation	BP	0.09640020154479	BP regulation of dephosphorylation	group9097
subgenus Drosophila	GO:0009826	0.004628510694177	0.999995044625787	1	2	unidimensional cell growth	BP	0.096601329386096	BP unidimensional cell growth	group8809
subgenus Drosophila	GO:0050658	0.004637923907426	0.999993367743457	1	3	RNA transport	BP	0.096601329386096	BP RNA transport	group9250
subgenus Drosophila	GO:0050776	0.004688762638574	0.999994914606664	1	2	regulation of immune response	BP	0.097407221758359	BP regulation of immune response	group8809
subgenus Drosophila	GO:0019827	0.004820818651754	0.99999283371922	1	3	stem cell population maintenance	BP	0.099649378905559	BP stem cell population maintenance	group7814
subgenus Drosophila	GO:0009314	0.004821543710607	0.999991936671802	1	4	response to radiation	BP	0.099649378905559	BP response to radiation	group2599
subgenus Drosophila	GO:0016830	0.004864338137166	0.99999452610104	1	2	carbon-carbon lyase activity	MF	0.100275392087244	MF carbon-carbon lyase activity	group8369
subgenus Drosophila	GO:0002920	0.00489216946172	0.999994463200706	1	2	regulation of humoral immune response	BP	0.100590530547513	BP regulation of humoral immune response	group8809
subgenus Drosophila	GO:0031090	0.005052378006321	0.999994094113774	1	2	organelle membrane	CC	0.10348886880093	CC organelle membrane	group1728
subgenus Drosophila	GO:0005049	0.00505893958972	0.999991122155412	1	4	nuclear export signal receptor activity	MF	0.10348886880093	MF nuclear export signal receptor activity	group9250
subgenus Drosophila	GO:0016817	0.005215254866248	0.999991611475019	1	3	hydrolase activity, acting on acid anhydrides	MF	0.106415085934963	MF hydrolase activity, acting on acid anhydrides	group2599
subgenus Drosophila	GO:0071426	0.005410571029085	0.999993225711155	1	2	ribonucleoprotein complex export from nucleus	BP	0.110052666727016	BP ribonucleoprotein complex export from nucleus	group9250
subgenus Drosophila	GO:0043401	0.005432830522963	0.999993169774427	1	2	steroid hormone mediated signaling pathway	BP	0.110052666727016	BP steroid hormone mediated signaling pathway	group7814
subgenus Drosophila	GO:0045859	0.005434699591458	0.999993165067076	1	2	regulation of protein kinase activity	BP	0.110052666727016	BP regulation of protein kinase activity	group8809
subgenus Drosophila	GO:0033365	0.005504253485677	0.999990654733435	1	3	protein localization to organelle	BP	0.111180374563325	BP protein localization to organelle	group8809
subgenus Drosophila	GO:0016529	0.005518599987598	0.999989433374687	1	4	sarcoplasmic reticulum	CC	0.111190083669723	CC sarcoplasmic reticulum	group8518
subgenus Drosophila	GO:0033768	0.005592470022633	0.999992761850459	1	2	SUMO-targeted ubiquitin ligase complex	CC	0.112396032860878	CC SUMO-targeted ubiquitin ligase complex	group8496
subgenus Drosophila	GO:0005783	0.005608985822286	0.999594453796669	3	176	endoplasmic reticulum	CC	0.112446143272284	CC endoplasmic reticulum	group8518, group7772, group1728
subgenus Drosophila	GO:0010033	0.005639339100161	0.999992639833323	1	2	response to organic substance	BP	0.112755509157933	BP response to organic substance	group7814
subgenus Drosophila	GO:0051427	0.005652539553746	0.99999260528314	1	2	hormone receptor binding	MF	0.112755509157933	MF hormone receptor binding	group7814
subgenus Drosophila	GO:0019902	0.005679632561619	0.999990048880776	1	3	phosphatase binding	MF	0.112806207732173	MF phosphatase binding	group8809
subgenus Drosophila	GO:1901565	0.005683215852824	0.999992524679165	1	2	organonitrogen compound catabolic process	BP	0.112806207732173	BP organonitrogen compound catabolic process	group8496
subgenus Drosophila	GO:0006282	0.00591093755988	0.999989220652314	1	3	regulation of DNA repair	BP	0.117036563685617	BP regulation of DNA repair	group9097
subgenus Drosophila	GO:0006403	0.005957585724261	0.999987682998775	1	4	RNA localization	BP	0.117669654982391	BP RNA localization	group9250
subgenus Drosophila	GO:0019208	0.006017448700042	0.999988828106982	1	3	phosphatase regulator activity	MF	0.118560002765696	MF phosphatase regulator activity	group9097
subgenus Drosophila	GO:1902850	0.006210270708909	0.999988099552243	1	3	microtubule cytoskeleton organization involved in mitosis	BP	0.122059217683195	BP microtubule cytoskeleton organization involved in mitosis	group8809
subgenus Drosophila	GO:0048285	0.006266638227432	0.999986370054227	1	4	organelle fission	BP	0.122865946077694	BP organelle fission	group8809
subgenus Drosophila	GO:0035861	0.006485353415367	0.999985400600351	1	4	site of double-strand break	CC	0.126844022043486	CC site of double-strand break	group2599
subgenus Drosophila	GO:0010569	0.006562656117756	0.999985049967596	1	4	regulation of double-strand break repair via homologous recombination	BP	0.128043648195339	BP regulation of double-strand break repair via homologous recombination	group9097
subgenus Drosophila	GO:0004559	0.006655116884978	0.999984625099332	1	4	alpha-mannosidase activity	MF	0.12953248131223	MF alpha-mannosidase activity	group1728
subgenus Drosophila	GO:0051721	0.006821088899594	0.999983847458465	1	4	protein phosphatase 2A binding	MF	0.132441433137639	MF protein phosphatase 2A binding	group8809
subgenus Drosophila	GO:0016567	0.006958647978897	0.999755688826296	2	73	protein ubiquitination	BP	0.134785985852115	BP protein ubiquitination	group7814, group8496
subgenus Drosophila	GO:0006082	0.007069599923356	0.999984571936417	1	3	organic acid metabolic process	BP	0.136605112735886	BP organic acid metabolic process	group8369
subgenus Drosophila	GO:0007568	0.007140754550745	0.999982295475366	1	4	aging	BP	0.137648343130829	BP aging	group2599
subgenus Drosophila	GO:0043138	0.00737317576524	0.999977983241433	1	8	3'-5' DNA helicase activity	MF	0.141787761298469	MF 3'-5' DNA helicase activity	group2599
subgenus Drosophila	GO:0005813	0.007429501854489	0.999729609410685	2	81	centrosome	CC	0.14252912768218	CC centrosome	group8809, group9097
subgenus Drosophila	GO:0007154	0.007481971240462	0.99998271616963	1	3	cell communication	BP	0.142971105011798	BP cell communication	group7814
subgenus Drosophila	GO:2001020	0.007491207677045	0.999980511949622	1	4	regulation of response to DNA damage stimulus	BP	0.142971105011798	BP regulation of response to DNA damage stimulus	group9097
subgenus Drosophila	GO:0051168	0.00750602758573	0.999980434635837	1	4	nuclear export	BP	0.142971105011798	BP nuclear export	group9250
subgenus Drosophila	GO:0042325	0.007878528697913	0.99997700687738	1	5	regulation of phosphorylation	BP	0.149710714759639	BP regulation of phosphorylation	group8809
subgenus Drosophila	GO:0050684	0.007931315570482	0.999975728562105	1	6	regulation of mRNA processing	BP	0.15035749304893	BP regulation of mRNA processing	group8525
subgenus Drosophila	GO:0000280	0.008105762712041	0.999977176989249	1	4	nuclear division	BP	0.153302149027969	BP nuclear division	group8809
subgenus Drosophila	GO:0031224	0.008151105108493	0.999976920465877	1	4	intrinsic component of membrane	CC	0.15339193649545	CC intrinsic component of membrane	group8518
subgenus Drosophila	GO:0051049	0.008176046109714	0.999979353820326	1	3	regulation of transport	BP	0.15339193649545	BP regulation of transport	group8518
subgenus Drosophila	GO:0010498	0.008185025475253	0.999979308356507	1	3	proteasomal protein catabolic process	BP	0.15339193649545	BP proteasomal protein catabolic process	group8496
subgenus Drosophila	GO:0009968	0.00818702441951	0.99997671623195	1	4	negative regulation of signal transduction	BP	0.15339193649545	BP negative regulation of signal transduction	group9097
subgenus Drosophila	GO:0006796	0.008238912186435	0.999979034465755	1	3	phosphate-containing compound metabolic process	BP	0.154004281638754	BP phosphate-containing compound metabolic process	group2649
subgenus Drosophila	GO:0051881	0.008310144754094	0.999978669636288	1	3	regulation of mitochondrial membrane potential	BP	0.154974536704842	BP regulation of mitochondrial membrane potential	group8809
subgenus Drosophila	GO:0043666	0.008455998666786	0.999975158166927	1	4	regulation of phosphoprotein phosphatase activity	BP	0.157328661969736	BP regulation of phosphoprotein phosphatase activity	group9097
subgenus Drosophila	GO:0016070	0.008495447734759	0.999977705774685	1	3	RNA metabolic process	BP	0.157696748576465	BP RNA metabolic process	group7814
subgenus Drosophila	GO:0042327	0.008533513310925	0.99997469975264	1	4	positive regulation of phosphorylation	BP	0.158037513257057	BP positive regulation of phosphorylation	group8809
subgenus Drosophila	GO:0004571	0.009025735011799	0.999968553633336	1	6	mannosyl-oligosaccharide 1,2-alpha-mannosidase activity	MF	0.166768131473774	MF mannosyl-oligosaccharide 1,2-alpha-mannosidase activity	group1728
subgenus Drosophila	GO:0035257	0.009070765863731	0.999968238465683	1	6	NA	NA	0.167214876922434	none	group7814
subgenus Drosophila	GO:0030374	0.00950522553656	0.999966508176061	1	5	nuclear receptor coactivator activity	MF	0.174822026554303	MF nuclear receptor coactivator activity	group7814
subgenus Drosophila	GO:0048589	0.009619425582622	0.999964271704292	1	6	developmental growth	BP	0.176517560061891	BP developmental growth	group8809
subgenus Drosophila	GO:0030865	0.009665804027698	0.99996752365723	1	4	cortical cytoskeleton organization	BP	0.176963658671479	BP cortical cytoskeleton organization	group8809
subgenus Drosophila	GO:0031227	0.009826085681894	0.99996643522847	1	4	intrinsic component of endoplasmic reticulum membrane	CC	0.179488339597048	CC intrinsic component of endoplasmic reticulum membrane	group8518
subgenus Drosophila	GO:0019752	0.009911684951197	0.999965846565648	1	4	carboxylic acid metabolic process	BP	0.180640458235558	BP carboxylic acid metabolic process	group8369
subgenus Drosophila	GO:0010259	0.010335091305419	0.999960390537798	1	5	multicellular organism aging	BP	0.187929925574053	BP multicellular organism aging	group2599
subgenus Drosophila	GO:0000278	0.010942443206758	0.999511848416427	2	91	mitotic cell cycle	BP	0.198523647228493	BP mitotic cell cycle	group8809, group9097
subgenus Drosophila	GO:0042383	0.011161334717576	0.999950498125385	1	7	sarcolemma	CC	0.20203779480867	CC sarcolemma	group8518
subgenus Drosophila	GO:0031370	0.011310694449685	0.999955496652318	1	4	eukaryotic initiation factor 4G binding	MF	0.204280312594642	MF eukaryotic initiation factor 4G binding	group8591
subgenus Drosophila	GO:0032879	0.011410939650507	0.999954702247534	1	4	regulation of localization	BP	0.20562769675823	BP regulation of localization	group8518
subgenus Drosophila	GO:0001932	0.011506271381459	0.999947383668827	1	7	regulation of protein phosphorylation	BP	0.206880695533455	BP regulation of protein phosphorylation	group8809
subgenus Drosophila	GO:0032508	0.011753723448796	0.999941775584542	1	11	DNA duplex unwinding	BP	0.210694046981514	BP DNA duplex unwinding	group2599
subgenus Drosophila	GO:0007017	0.01177091071801	0.99994858839101	1	5	microtubule-based process	BP	0.210694046981514	BP microtubule-based process	group8809
subgenus Drosophila	GO:0045860	0.012120356566198	0.999943218973597	1	6	positive regulation of protein kinase activity	BP	0.216465789096524	BP positive regulation of protein kinase activity	group8809
subgenus Drosophila	GO:0006518	0.012172283113906	0.999942730147742	1	6	peptide metabolic process	BP	0.216710154557019	BP peptide metabolic process	group8591
subgenus Drosophila	GO:0030097	0.01218808825355	0.999938767971952	1	9	hemopoiesis	BP	0.216710154557019	BP hemopoiesis	group9097
subgenus Drosophila	GO:0016409	0.012492987924161	0.999939664424508	1	6	palmitoyltransferase activity	MF	0.221639978238606	MF palmitoyltransferase activity	group7772
subgenus Drosophila	GO:0061640	0.012543921552354	0.999941594518919	1	5	cytoskeleton-dependent cytokinesis	BP	0.222052333175118	BP cytoskeleton-dependent cytokinesis	group8809
subgenus Drosophila	GO:0006497	0.013295428826616	0.999931641453884	1	6	protein lipidation	BP	0.234837100794344	BP protein lipidation	group7772
subgenus Drosophila	GO:0006611	0.013405053218723	0.999927046347152	1	8	protein export from nucleus	BP	0.236253014859216	BP protein export from nucleus	group9250
subgenus Drosophila	GO:0004553	0.013435884579978	0.999926709455968	1	8	hydrolase activity, hydrolyzing O-glycosyl compounds	MF	0.236277101857119	MF hydrolase activity, hydrolyzing O-glycosyl compounds	group1728
subgenus Drosophila	GO:0048024	0.013528295543455	0.999925695016054	1	8	regulation of mRNA splicing, via spliceosome	BP	0.237381623551353	BP regulation of mRNA splicing, via spliceosome	group8525
subgenus Drosophila	GO:0032147	0.013893250629572	0.999920381624721	1	9	activation of protein kinase activity	BP	0.243253224450959	BP activation of protein kinase activity	group8809
subgenus Drosophila	GO:0019888	0.014052454930853	0.999919808374845	1	8	protein phosphatase regulator activity	MF	0.245504653791958	MF protein phosphatase regulator activity	group9097
subgenus Drosophila	GO:0016773	0.014441982246326	0.999917008645334	1	7	phosphotransferase activity, alcohol group as acceptor	MF	0.251761425289748	MF phosphotransferase activity, alcohol group as acceptor	group2649
subgenus Drosophila	GO:0006351	0.014776159989402	0.999909908620812	1	9	transcription, DNA-templated	BP	0.257028258036907	BP transcription, DNA-templated	group7814
subgenus Drosophila	GO:0000340	0.015293620447398	0.999906899245029	1	7	RNA 7-methylguanosine cap binding	MF	0.265453554908406	MF RNA 7-methylguanosine cap binding	group8591
subgenus Drosophila	GO:0051301	0.015407175372904	0.99990354810704	1	8	cell division	BP	0.266846953164833	BP cell division	group8809
subgenus Drosophila	GO:0009966	0.015772780752624	0.999898901183811	1	8	regulation of signal transduction	BP	0.272590363912259	BP regulation of signal transduction	group9097
subgenus Drosophila	GO:0097730	0.015823449956834	0.999894304752377	1	11	non-motile cilium	CC	0.272877946674954	CC non-motile cilium	group9250
subgenus Drosophila	GO:0016281	0.015898545261866	0.999897277254483	1	8	eukaryotic translation initiation factor 4F complex	CC	0.273584623293782	CC eukaryotic translation initiation factor 4F complex	group8591
subgenus Drosophila	GO:0042995	0.015970547482075	0.999898446674342	1	7	cell projection	CC	0.274235161153659	CC cell projection	group9250
subgenus Drosophila	GO:0033674	0.016194841255805	0.999886332009361	1	15	positive regulation of kinase activity	BP	0.277492376133118	BP positive regulation of kinase activity	group8809
subgenus Drosophila	GO:0007051	0.016277435203787	0.999888132703559	1	11	spindle organization	BP	0.278312905968376	BP spindle organization	group8809
subgenus Drosophila	GO:0008094	0.016879325706216	0.999877837350215	1	13	ATP-dependent activity, acting on DNA	MF	0.287891820056246	MF ATP-dependent activity, acting on DNA	group2599
subgenus Drosophila	GO:0006886	0.016909470912395	0.999050229704769	2	101	intracellular protein transport	BP	0.287891820056246	BP intracellular protein transport	group8518, group9250
subgenus Drosophila	GO:0071944	0.01715611781301	0.999878433184749	1	9	cell periphery	CC	0.291472264285022	CC cell periphery	group8518
subgenus Drosophila	GO:0006405	0.017478125376123	0.999869889945503	1	12	RNA export from nucleus	BP	0.296315195330081	BP RNA export from nucleus	group9250
subgenus Drosophila	GO:0001934	0.017599929490518	0.999869147910007	1	11	positive regulation of protein phosphorylation	BP	0.2977507058744	BP positive regulation of protein phosphorylation	group8809
subgenus Drosophila	GO:0090307	0.017951933396902	0.999866850657313	1	9	mitotic spindle assembly	BP	0.303066429283704	BP mitotic spindle assembly	group8809
subgenus Drosophila	GO:0003678	0.018101796906096	0.999859434283362	1	13	DNA helicase activity	MF	0.304954431491567	MF DNA helicase activity	group2599
subgenus Drosophila	GO:0000339	0.018291094471771	0.999866662460576	1	7	RNA cap binding	MF	0.307497456119775	MF RNA cap binding	group8591
subgenus Drosophila	GO:0051028	0.01850114928226	0.999855352326428	1	11	mRNA transport	BP	0.310378067143187	BP mRNA transport	group9250
subgenus Drosophila	GO:0031369	0.018734594247467	0.999854941730157	1	9	translation initiation factor binding	MF	0.313220757986396	MF translation initiation factor binding	group8591
subgenus Drosophila	GO:0019899	0.01875492515454	0.999852819447096	1	10	enzyme binding	MF	0.313220757986396	MF enzyme binding	group8809
subgenus Drosophila	GO:0043484	0.018812990604188	0.999849177833829	1	12	regulation of RNA splicing	BP	0.313220757986396	BP regulation of RNA splicing	group8525
subgenus Drosophila	GO:0009755	0.018826836930969	0.999850195492062	1	11	hormone-mediated signaling pathway	BP	0.313220757986396	BP hormone-mediated signaling pathway	group7814
subgenus Drosophila	GO:0030163	0.019580612388152	0.999839521882619	1	10	protein catabolic process	BP	0.325086813127519	BP protein catabolic process	group8496
subgenus Drosophila	GO:0006913	0.020050196889537	0.99983634601401	1	8	nucleocytoplasmic transport	BP	0.3321953075562	BP nucleocytoplasmic transport	group9250
subgenus Drosophila	GO:0010212	0.020247572950714	0.999826635139163	1	11	response to ionizing radiation	BP	0.334773788642839	BP response to ionizing radiation	group2599
subgenus Drosophila	GO:0030674	0.021005284273997	0.999811816259798	1	12	protein-macromolecule adaptor activity	MF	0.346587190520957	MF protein-macromolecule adaptor activity	group9097
subgenus Drosophila	GO:0006352	0.021183910043804	0.999814349361252	1	9	DNA-templated transcription, initiation	BP	0.348816785711016	BP DNA-templated transcription, initiation	group7814
subgenus Drosophila	GO:0003676	0.021782133187878	0.99859679280765	2	124	nucleic acid binding	MF	0.35793222547867	MF nucleic acid binding	group8525, group8591
subgenus Drosophila	GO:0051603	0.022774485294468	0.999780442347654	1	11	proteolysis involved in cellular protein catabolic process	BP	0.373473614675536	BP proteolysis involved in cellular protein catabolic process	group8496
subgenus Drosophila	GO:0016746	0.023184741585987	0.999774682332851	1	10	acyltransferase activity	MF	0.379425393424553	MF acyltransferase activity	group7772
subgenus Drosophila	GO:0019706	0.023854916244986	0.999761403886012	1	10	protein-cysteine S-palmitoyltransferase activity	MF	0.389597909100905	MF protein-cysteine S-palmitoyltransferase activity	group7772
subgenus Drosophila	GO:0006406	0.024271624818254	0.999745175297276	1	14	mRNA export from nucleus	BP	0.395597884995085	BP mRNA export from nucleus	group9250
subgenus Drosophila	GO:0004386	0.024605654364972	0.999731420114782	1	21	helicase activity	MF	0.400228686313821	MF helicase activity	group2599
subgenus Drosophila	GO:0009792	0.025592964768599	0.999720131662499	1	12	embryo development ending in birth or egg hatching	BP	0.415445312711333	BP embryo development ending in birth or egg hatching	group8809
subgenus Drosophila	GO:0007010	0.025949323355586	0.99970461714021	1	17	cytoskeleton organization	BP	0.420379038360497	BP cytoskeleton organization	group8809
subgenus Drosophila	GO:0016310	0.026015284267546	0.999710770656055	1	12	phosphorylation	BP	0.420597912381963	BP phosphorylation	group2649
subgenus Drosophila	GO:0018345	0.026426820429467	0.99970149897607	1	12	protein palmitoylation	BP	0.426391696225142	BP protein palmitoylation	group7772
subgenus Drosophila	GO:0042802	0.028429994422413	0.99964647443493	1	16	identical protein binding	MF	0.457791416211509	MF identical protein binding	group8369
subgenus Drosophila	GO:0006491	0.029419153905098	0.999622966721046	1	15	N-glycan processing	BP	0.472769930190336	BP N-glycan processing	group1728
subgenus Drosophila	GO:0006909	0.031243529069464	0.999569439494247	1	18	phagocytosis	BP	0.501083719216066	BP phagocytosis	group2649
subgenus Drosophila	GO:0016301	0.031439899791483	0.999569051953082	1	15	kinase activity	MF	0.503226659536735	MF kinase activity	group2649
subgenus Drosophila	GO:0051276	0.032114787570381	0.999542290728132	1	20	chromosome organization	BP	0.513004943280653	BP chromosome organization	group2599
subgenus Drosophila	GO:0016747	0.032282054638526	0.999543499353208	1	16	acyltransferase activity, transferring groups other than amino-acyl groups	MF	0.514651682199476	MF acyltransferase activity, transferring groups other than amino-acyl groups	group7772
subgenus Drosophila	GO:0060090	0.033700623103307	0.999494413455614	1	21	molecular adaptor activity	MF	0.536200985447258	MF molecular adaptor activity	group9097
subgenus Drosophila	GO:0009653	0.033767843660351	0.999500221472376	1	16	anatomical structure morphogenesis	BP	0.536206610519514	BP anatomical structure morphogenesis	group8809
subgenus Drosophila	GO:0000775	0.034061946496964	0.999486128879903	1	19	chromosome, centromeric region	CC	0.539807804267097	CC chromosome, centromeric region	group9097
subgenus Drosophila	GO:0006355	0.038052042600686	0.996677371329826	2	180	regulation of transcription, DNA-templated	BP	0.601125965105204	BP regulation of transcription, DNA-templated	group7814, group1728
subgenus Drosophila	GO:0051225	0.038081056275526	0.999350572905316	1	23	spindle assembly	BP	0.601125965105204	BP spindle assembly	group8809
subgenus Drosophila	GO:0038023	0.038887318055554	0.999317148640069	1	28	signaling receptor activity	MF	0.612647158128656	MF signaling receptor activity	group7814
subgenus Drosophila	GO:0008360	0.040947567890885	0.999241326703825	1	29	regulation of cell shape	BP	0.643840288072562	BP regulation of cell shape	group2649
subgenus Drosophila	GO:0006366	0.045586713822035	0.999066646119596	1	23	transcription by RNA polymerase II	BP	0.715381327081997	BP transcription by RNA polymerase II	group7814
subgenus Drosophila	GO:0042391	0.046307022104851	0.999031678957875	1	26	regulation of membrane potential	BP	0.725265645036714	BP regulation of membrane potential	group8809
subgenus Drosophila	GO:0005794	0.046878544420167	0.995411990400076	2	174	Golgi apparatus	CC	0.732785668041564	CC Golgi apparatus	group8809, group1728
subgenus Drosophila	GO:0005929	0.047591249699928	0.998975228850081	1	27	cilium	CC	0.742479049306854	CC cilium	group9250
subgenus Drosophila	GO:0005102	0.048916469787808	0.998912716404568	1	30	signaling receptor binding	MF	0.761672177142585	MF signaling receptor binding	group7814
mulleri subgroup	GO:0032501	0.000157405949945	1	1	1	multicellular organismal process	BP	0.607350857862427	BP multicellular organismal process	group10822
mulleri subgroup	GO:0044421	0.000157405949945	1	1	1	NA	NA	0.607350857862427	none	group10822
mulleri subgroup	GO:0032502	0.001574059499449	1	1	10	developmental process	BP	0.9999999999	BP developmental process	group10822
mulleri subgroup	GO:0042335	0.001731465449394	1	1	11	cuticle development	BP	0.9999999999	BP cuticle development	group10822
mulleri subgroup	GO:0005214	0.002833307099008	1	1	18	structural constituent of chitin-based cuticle	MF	0.9999999999	MF structural constituent of chitin-based cuticle	group10822
mulleri subgroup	GO:0005198	0.003148118998898	1	1	20	structural molecule activity	MF	0.9999999999	MF structural molecule activity	group10822
mulleri subgroup	GO:0048856	0.003462930898788	1	1	22	anatomical structure development	BP	0.9999999999	BP anatomical structure development	group10822
mulleri subgroup	GO:0007275	0.004879584448292	1	1	31	multicellular organism development	BP	0.9999999999	BP multicellular organism development	group10822
mulleri subgroup	GO:0008010	0.007240673697466	1	1	46	structural constituent of chitin-based larval cuticle	MF	0.9999999999	MF structural constituent of chitin-based larval cuticle	group10822
mulleri subgroup	GO:0042302	0.007398079647411	1	1	47	structural constituent of cuticle	MF	0.9999999999	MF structural constituent of cuticle	group10822
mulleri subgroup	GO:0031012	0.011490634345978	1	1	73	extracellular matrix	CC	0.9999999999	CC extracellular matrix	group10822
mulleri subgroup	GO:0040003	0.013222099795372	1	1	84	chitin-based cuticle development	BP	0.9999999999	BP chitin-based cuticle development	group10822
mulleri subgroup	GO:0005576	0.032110813788761	1	1	204	extracellular region	CC	0.9999999999	CC extracellular region	group10822
mojavensis cluster	GO:0005488	0.000287636519815	1	1	1	binding	MF	0.065555746824991	MF binding	group14066
mojavensis cluster	GO:0005623	0.000287636519815	1	1	1	NA	NA	0.065555746824991	none	group14066
mojavensis cluster	GO:0006793	0.000287636519815	1	1	1	phosphorus metabolic process	BP	0.065555746824991	BP phosphorus metabolic process	group14066
mojavensis cluster	GO:0006810	0.000287636519815	1	1	1	transport	BP	0.065555746824991	BP transport	group14066
mojavensis cluster	GO:0008152	0.000287636519815	1	1	1	metabolic process	BP	0.065555746824991	BP metabolic process	group14066
mojavensis cluster	GO:0015833	0.000287636519815	1	1	1	peptide transport	BP	0.065555746824991	BP peptide transport	group14066
mojavensis cluster	GO:0031300	0.000287636519815	1	1	1	intrinsic component of organelle membrane	CC	0.065555746824991	CC intrinsic component of organelle membrane	group14066
mojavensis cluster	GO:0031984	0.000287636519815	1	1	1	organelle subcompartment	CC	0.065555746824991	CC organelle subcompartment	group14066
mojavensis cluster	GO:0033036	0.000287636519815	1	1	1	macromolecule localization	BP	0.065555746824991	BP macromolecule localization	group14066
mojavensis cluster	GO:0042175	0.000287636519815	1	1	1	nuclear outer membrane-endoplasmic reticulum membrane network	CC	0.065555746824991	CC nuclear outer membrane-endoplasmic reticulum membrane network	group14066
mojavensis cluster	GO:0042886	0.000287636519815	1	1	1	amide transport	BP	0.065555746824991	BP amide transport	group14066
mojavensis cluster	GO:0043226	0.000287636519815	1	1	1	organelle	CC	0.065555746824991	CC organelle	group14066
mojavensis cluster	GO:0043227	0.000287636519815	1	1	1	membrane-bounded organelle	CC	0.065555746824991	CC membrane-bounded organelle	group14066
mojavensis cluster	GO:0044422	0.000287636519815	1	1	1	NA	NA	0.065555746824991	none	group14066
mojavensis cluster	GO:0044424	0.000287636519815	1	1	1	NA	NA	0.065555746824991	none	group14066
mojavensis cluster	GO:0044425	0.000287636519815	1	1	1	NA	NA	0.065555746824991	none	group14066
mojavensis cluster	GO:0044431	0.000287636519815	1	1	1	NA	NA	0.065555746824991	none	group14066
mojavensis cluster	GO:0044432	0.000287636519815	1	1	1	NA	NA	0.065555746824991	none	group14066
mojavensis cluster	GO:0044444	0.000287636519815	1	1	1	NA	NA	0.065555746824991	none	group14066
mojavensis cluster	GO:0044446	0.000287636519815	1	1	1	NA	NA	0.065555746824991	none	group14066
mojavensis cluster	GO:0044464	0.000287636519815	1	1	1	NA	NA	0.065555746824991	none	group14066
mojavensis cluster	GO:0050789	0.000287636519815	1	1	1	regulation of biological process	BP	0.065555746824991	BP regulation of biological process	group14066
mojavensis cluster	GO:0050794	0.000287636519815	1	1	1	regulation of cellular process	BP	0.065555746824991	BP regulation of cellular process	group14066
mojavensis cluster	GO:0051179	0.000287636519815	1	1	1	localization	BP	0.065555746824991	BP localization	group14066
mojavensis cluster	GO:0051234	0.000287636519815	1	1	1	establishment of localization	BP	0.065555746824991	BP establishment of localization	group14066
mojavensis cluster	GO:0051641	0.000287636519815	1	1	1	cellular localization	BP	0.065555746824991	BP cellular localization	group14066
mojavensis cluster	GO:0051649	0.000287636519815	1	1	1	establishment of localization in cell	BP	0.065555746824991	BP establishment of localization in cell	group14066
mojavensis cluster	GO:0065007	0.000287636519815	1	1	1	biological regulation	BP	0.065555746824991	BP biological regulation	group14066
mojavensis cluster	GO:0071705	0.000287636519815	1	1	1	nitrogen compound transport	BP	0.065555746824991	BP nitrogen compound transport	group14066
mojavensis cluster	GO:0097708	0.000287636519815	1	1	1	intracellular vesicle	CC	0.065555746824991	CC intracellular vesicle	group14066
mojavensis cluster	GO:0098588	0.000287636519815	1	1	1	bounding membrane of organelle	CC	0.065555746824991	CC bounding membrane of organelle	group14066
mojavensis cluster	GO:0098791	0.000287636519815	1	1	1	Golgi apparatus subcompartment	CC	0.065555746824991	CC Golgi apparatus subcompartment	group14066
mojavensis cluster	GO:0098827	0.000287636519815	1	1	1	endoplasmic reticulum subcompartment	CC	0.065555746824991	CC endoplasmic reticulum subcompartment	group14066
mojavensis cluster	GO:2000269	0.000287636519815	1	1	1	regulation of fibroblast apoptotic process	BP	0.065555746824991	BP regulation of fibroblast apoptotic process	group14066
mojavensis cluster	GO:0030135	0.000414061181559	1	1	2	coated vesicle	CC	0.08679504407741	CC coated vesicle	group14066
mojavensis cluster	GO:0042578	0.000414390569394	1	1	2	phosphoric ester hydrolase activity	MF	0.08679504407741	MF phosphoric ester hydrolase activity	group14066
mojavensis cluster	GO:0070727	0.000414429814281	1	1	2	cellular macromolecule localization	BP	0.08679504407741	BP cellular macromolecule localization	group14066
mojavensis cluster	GO:0031090	0.000435917035019	1	1	2	organelle membrane	CC	0.08794733132395	CC organelle membrane	group14066
mojavensis cluster	GO:0044237	0.000442630780957	1	1	2	cellular metabolic process	BP	0.08794733132395	BP cellular metabolic process	group14066
mojavensis cluster	GO:0009987	0.000542317836085	1	1	3	cellular process	BP	0.1050605227955	BP cellular process	group14066
mojavensis cluster	GO:0006796	0.000632472209971	1	1	3	phosphate-containing compound metabolic process	BP	0.119537247684496	BP phosphate-containing compound metabolic process	group14066
mojavensis cluster	GO:0031228	0.000664237578848	1	1	3	intrinsic component of Golgi membrane	CC	0.120838561604181	CC intrinsic component of Golgi membrane	group14066
mojavensis cluster	GO:0031301	0.000670545638015	1	1	4	integral component of organelle membrane	CC	0.120838561604181	CC integral component of organelle membrane	group14066
mojavensis cluster	GO:0031224	0.000712809614392	1	1	4	intrinsic component of membrane	CC	0.125535493225465	CC intrinsic component of membrane	group14066
mojavensis cluster	GO:0071702	0.000924281388688	1	1	6	organic substance transport	BP	0.159161255132104	BP organic substance transport	group14066
mojavensis cluster	GO:0043229	0.000949884594363	1	1	6	intracellular organelle	CC	0.16001425482006	CC intracellular organelle	group14066
mojavensis cluster	GO:0010941	0.000973949560224	1	1	6	regulation of cell death	BP	0.160577343450606	BP regulation of cell death	group14066
mojavensis cluster	GO:0043067	0.001081866652071	1	1	7	regulation of programmed cell death	BP	0.174653847643636	BP regulation of programmed cell death	group14066
mojavensis cluster	GO:0005798	0.001113980524478	1	1	7	Golgi-associated vesicle	CC	0.176168062942505	CC Golgi-associated vesicle	group14066
mojavensis cluster	GO:0045184	0.001154896048943	1	1	7	establishment of protein localization	BP	0.178985789665109	BP establishment of protein localization	group14066
mojavensis cluster	GO:0016788	0.00121499094	1	1	7	hydrolase activity, acting on ester bonds	MF	0.184607152824726	MF hydrolase activity, acting on ester bonds	group14066
mojavensis cluster	GO:0019899	0.001639666579484	1	1	10	enzyme binding	MF	0.243782638685585	MF enzyme binding	group14066
mojavensis cluster	GO:0005622	0.001667373835377	1	1	11	intracellular anatomical structure	CC	0.243782638685585	CC intracellular anatomical structure	group14066
mojavensis cluster	GO:0046907	0.002026723301886	1	1	12	intracellular transport	BP	0.290834793820627	BP intracellular transport	group14066
mojavensis cluster	GO:0016791	0.002665629271295	1	1	15	phosphatase activity	MF	0.375562931332128	MF phosphatase activity	group14066
mojavensis cluster	GO:0034613	0.003088898397769	1	1	19	cellular protein localization	BP	0.427426315791298	BP cellular protein localization	group14066
mojavensis cluster	GO:0030134	0.00322189787243	1	1	17	COPII-coated ER to Golgi transport vesicle	CC	0.438008537078254	CC COPII-coated ER to Golgi transport vesicle	group14066
mojavensis cluster	GO:0042981	0.003466676632094	1	1	22	regulation of apoptotic process	BP	0.46315995210513	BP regulation of apoptotic process	group14066
mojavensis cluster	GO:0016311	0.003772767203863	1	1	24	dephosphorylation	BP	0.487812841423579	BP dephosphorylation	group14066
mojavensis cluster	GO:0030173	0.003777102914623	1	1	22	integral component of Golgi membrane	CC	0.487812841423579	CC integral component of Golgi membrane	group14066
mojavensis cluster	GO:0015031	0.003974665300388	1	1	26	protein transport	BP	0.504912810044427	BP protein transport	group14066
mojavensis cluster	GO:0016787	0.004131328380045	1	1	23	hydrolase activity	MF	0.516349413176973	MF hydrolase activity	group14066
mojavensis cluster	GO:0003824	0.004213572228807	1	1	27	catalytic activity	MF	0.518269384143204	MF catalytic activity	group14066
mojavensis cluster	GO:0048193	0.004929808679372	1	1	27	Golgi vesicle transport	BP	0.596891991507051	BP Golgi vesicle transport	group14066
mojavensis cluster	GO:0031410	0.005273755012146	1	1	34	cytoplasmic vesicle	CC	0.628712732140242	CC cytoplasmic vesicle	group14066
mojavensis cluster	GO:0000139	0.00610296162516	1	1	40	Golgi membrane	CC	0.716543176263145	CC Golgi membrane	group14066
mojavensis cluster	GO:0008104	0.006382841439274	1	1	45	protein localization	BP	0.738218482282615	BP protein localization	group14066
mojavensis cluster	GO:0031982	0.006551139170248	1	1	38	vesicle	CC	0.746540844562508	CC vesicle	group14066
mojavensis cluster	GO:0006888	0.008699103189915	1	1	46	endoplasmic reticulum to Golgi vesicle-mediated transport	BP	0.976947110415198	BP endoplasmic reticulum to Golgi vesicle-mediated transport	group14066
mojavensis cluster	GO:0043231	0.011460305121729	1	1	70	intracellular membrane-bounded organelle	CC	0.9999999999	CC intracellular membrane-bounded organelle	group14066
mojavensis cluster	GO:0005789	0.013444301087569	1	1	84	endoplasmic reticulum membrane	CC	0.9999999999	CC endoplasmic reticulum membrane	group14066
mojavensis cluster	GO:0016192	0.015319838030204	1	1	85	vesicle-mediated transport	BP	0.9999999999	BP vesicle-mediated transport	group14066
mojavensis cluster	GO:0006886	0.016376334069112	1	1	100	intracellular protein transport	BP	0.9999999999	BP intracellular protein transport	group14066
mojavensis cluster	GO:0012505	0.023296515911063	1	1	142	endomembrane system	CC	0.9999999999	CC endomembrane system	group14066
mojavensis cluster	GO:0005794	0.027053293269949	1	1	173	Golgi apparatus	CC	0.9999999999	CC Golgi apparatus	group14066
mojavensis cluster	GO:0005783	0.027201703095294	1	1	174	endoplasmic reticulum	CC	0.9999999999	CC endoplasmic reticulum	group14066
mojavensis cluster	GO:0016020	0.033727284115966	1	1	231	membrane	CC	0.9999999999	CC membrane	group14066
buzzatii cluster	GO:0005488	0	1	5	5	binding	MF	0	MF binding	group12377, group11785, group12232, group12364, group12225
buzzatii cluster	GO:0005623	0	1	7	7	NA	NA	0	none	group12222, group12269, group12377, group11785, group12232, group12364, group12225
buzzatii cluster	GO:0009987	0	1	6	8	cellular process	BP	0	BP cellular process	group12222, group12269, group11785, group12232, group12364, group12225
buzzatii cluster	GO:0016043	0	1	5	5	cellular component organization	BP	0	BP cellular component organization	group12222, group12269, group12232, group12364, group12225
buzzatii cluster	GO:0032501	0	1	5	5	multicellular organismal process	BP	0	BP multicellular organismal process	group12222, group12269, group11235, group12364, group12225
buzzatii cluster	GO:0032502	0	1	6	15	developmental process	BP	0	BP developmental process	group12222, group12269, group12232, group11235, group12364, group12225
buzzatii cluster	GO:0044464	0	1	7	7	NA	NA	0	none	group12222, group12269, group12377, group11785, group12232, group12364, group12225
buzzatii cluster	GO:0048468	0	1	5	7	cell development	BP	0	BP cell development	group12222, group12269, group12232, group12364, group12225
buzzatii cluster	GO:0048856	0	1	6	27	anatomical structure development	BP	0	BP anatomical structure development	group12222, group12269, group12232, group11235, group12364, group12225
buzzatii cluster	GO:0048869	0	1	5	5	cellular developmental process	BP	0	BP cellular developmental process	group12222, group12269, group12232, group12364, group12225
buzzatii cluster	GO:0050789	0	1	5	5	regulation of biological process	BP	0	BP regulation of biological process	group12377, group11785, group12232, group12364, group12225
buzzatii cluster	GO:0050794	0	1	5	5	regulation of cellular process	BP	0	BP regulation of cellular process	group12377, group11785, group12232, group12364, group12225
buzzatii cluster	GO:0065007	0	1	5	5	biological regulation	BP	0	BP biological regulation	group12377, group11785, group12232, group12364, group12225
buzzatii cluster	GO:0071840	0	1	5	5	cellular component organization or biogenesis	BP	0	BP cellular component organization or biogenesis	group12222, group12269, group12232, group12364, group12225
buzzatii cluster	GO:0050896	1.02770807775412E-11	1	4	4	response to stimulus	BP	5.50851529676209E-09	BP response to stimulus	group12222, group11785, group12364, group12225
buzzatii cluster	GO:0048519	1.59051909317322E-11	1	4	4	negative regulation of biological process	BP	7.99235844319545E-09	BP negative regulation of biological process	group11785, group12232, group12364, group12225
buzzatii cluster	GO:0048646	1.82704796284179E-11	1	4	4	anatomical structure formation involved in morphogenesis	BP	8.1414551247276E-09	BP anatomical structure formation involved in morphogenesis	group12269, group12232, group12364, group12225
buzzatii cluster	GO:0043226	2.02523759321582E-11	1	4	4	organelle	CC	8.1414551247276E-09	CC organelle	group12269, group12377, group12232, group12364
buzzatii cluster	GO:0043227	2.02523759321582E-11	1	4	4	membrane-bounded organelle	CC	8.1414551247276E-09	CC membrane-bounded organelle	group12269, group12377, group12232, group12364
buzzatii cluster	GO:0044424	2.02523759321582E-11	1	4	4	NA	NA	8.1414551247276E-09	none	group12269, group12377, group12232, group12364
buzzatii cluster	GO:0051171	2.76853523815094E-11	1	4	4	regulation of nitrogen compound metabolic process	BP	9.67783622379719E-09	BP regulation of nitrogen compound metabolic process	group12377, group12232, group12364, group12225
buzzatii cluster	GO:0060255	2.76853523815094E-11	1	4	4	regulation of macromolecule metabolic process	BP	9.67783622379719E-09	BP regulation of macromolecule metabolic process	group12377, group12232, group12364, group12225
buzzatii cluster	GO:0080090	2.76853523815094E-11	1	4	4	regulation of primary metabolic process	BP	9.67783622379719E-09	BP regulation of primary metabolic process	group12377, group12232, group12364, group12225
buzzatii cluster	GO:0007275	7.16756495685367E-11	1	5	35	multicellular organism development	BP	2.40113426054598E-08	BP multicellular organism development	group12222, group12269, group11235, group12364, group12225
buzzatii cluster	GO:0019222	9.85882974861289E-11	1	4	5	regulation of metabolic process	BP	3.17059964715391E-08	BP regulation of metabolic process	group12377, group12232, group12364, group12225
buzzatii cluster	GO:0031323	1.5742096999371E-10	1	4	6	regulation of cellular metabolic process	BP	4.86794076442086E-08	BP regulation of cellular metabolic process	group12377, group12232, group12364, group12225
buzzatii cluster	GO:0043229	3.21955849473403E-10	0.999999999999841	4	9	intracellular organelle	CC	9.58712973987466E-08	CC intracellular organelle	group12269, group12377, group12232, group12364
buzzatii cluster	GO:0030154	1.1347391589249E-09	0.99999999999619	5	63	cell differentiation	BP	3.25832244205579E-07	BP cell differentiation	group12222, group12269, group12232, group12364, group12225
buzzatii cluster	GO:0005622	1.25259831228728E-09	0.999999999998518	4	14	intracellular anatomical structure	CC	3.47272083820335E-07	CC intracellular anatomical structure	group12269, group12377, group12232, group12364
buzzatii cluster	GO:0008150	2.33614640130782E-09	1	8	451	biological_process	BP	6.17846655944099E-07	BP biological_process	group12222, group12269, group12377, group11785, group12232, group11235, group12364, group12225
buzzatii cluster	GO:0005575	2.38224456893869E-09	1	8	477	cellular_component	CC	6.17846655944099E-07	CC cellular_component	group12222, group12269, group12377, group11785, group12232, group11235, group12364, group12225
buzzatii cluster	GO:0009653	4.38603796831345E-09	0.999999999991644	4	19	anatomical structure morphogenesis	BP	1.10199203953875E-06	BP anatomical structure morphogenesis	group12269, group12232, group12364, group12225
buzzatii cluster	GO:0044425	6.79172656094865E-09	1	3	3	NA	NA	1.65471156212204E-06	none	group12269, group11785, group12232
buzzatii cluster	GO:0010646	9.16936132183513E-09	1	3	3	regulation of cell communication	BP	1.75947144644074E-06	BP regulation of cell communication	group11785, group12364, group12225
buzzatii cluster	GO:0023051	9.16936132183513E-09	1	3	3	regulation of signaling	BP	1.75947144644074E-06	BP regulation of signaling	group11785, group12364, group12225
buzzatii cluster	GO:0048583	9.16936132183513E-09	1	3	3	regulation of response to stimulus	BP	1.75947144644074E-06	BP regulation of response to stimulus	group11785, group12364, group12225
buzzatii cluster	GO:0048585	9.16936132183513E-09	1	3	3	negative regulation of response to stimulus	BP	1.75947144644074E-06	BP negative regulation of response to stimulus	group11785, group12364, group12225
buzzatii cluster	GO:0051716	9.16936132183513E-09	1	3	3	cellular response to stimulus	BP	1.75947144644074E-06	BP cellular response to stimulus	group11785, group12364, group12225
buzzatii cluster	GO:0009605	9.19126875006356E-09	1	3	3	response to external stimulus	BP	1.75947144644074E-06	BP response to external stimulus	group12222, group12364, group12225
buzzatii cluster	GO:0042221	9.19126875006356E-09	1	3	3	response to chemical	BP	1.75947144644074E-06	BP response to chemical	group12222, group12364, group12225
buzzatii cluster	GO:0048731	9.19126875006356E-09	1	3	3	system development	BP	1.75947144644074E-06	BP system development	group12222, group12364, group12225
buzzatii cluster	GO:0120036	9.19126875006356E-09	1	3	3	plasma membrane bounded cell projection organization	BP	1.75947144644074E-06	BP plasma membrane bounded cell projection organization	group12222, group12364, group12225
buzzatii cluster	GO:0044444	9.85616631120098E-09	1	3	3	NA	NA	1.84287388702456E-06	none	group12269, group12232, group12364
buzzatii cluster	GO:0051704	1.05751289236023E-08	1	3	3	multi-organism process	BP	1.93236446694916E-06	BP multi-organism process	group12269, group12364, group12225
buzzatii cluster	GO:0032989	1.37137640226391E-08	1	3	3	cellular component morphogenesis	BP	2.25017679065344E-06	BP cellular component morphogenesis	group12232, group12364, group12225
buzzatii cluster	GO:0048518	1.37137640226391E-08	1	3	3	positive regulation of biological process	BP	2.25017679065344E-06	BP positive regulation of biological process	group12232, group12364, group12225
buzzatii cluster	GO:0048522	1.37137640226391E-08	1	3	3	positive regulation of cellular process	BP	2.25017679065344E-06	BP positive regulation of cellular process	group12232, group12364, group12225
buzzatii cluster	GO:0048523	1.37137640226391E-08	1	3	3	negative regulation of cellular process	BP	2.25017679065344E-06	BP negative regulation of cellular process	group12232, group12364, group12225
buzzatii cluster	GO:0051239	1.37137640226391E-08	1	3	3	regulation of multicellular organismal process	BP	2.25017679065344E-06	BP regulation of multicellular organismal process	group12232, group12364, group12225
buzzatii cluster	GO:0009889	1.60512443042883E-08	1	3	3	regulation of biosynthetic process	BP	2.30450007511568E-06	BP regulation of biosynthetic process	group12377, group12364, group12225
buzzatii cluster	GO:0010556	1.60512443042883E-08	1	3	3	regulation of macromolecule biosynthetic process	BP	2.30450007511568E-06	BP regulation of macromolecule biosynthetic process	group12377, group12364, group12225
buzzatii cluster	GO:0019219	1.60512443042883E-08	1	3	3	regulation of nucleobase-containing compound metabolic process	BP	2.30450007511568E-06	BP regulation of nucleobase-containing compound metabolic process	group12377, group12364, group12225
buzzatii cluster	GO:0031326	1.60512443042883E-08	1	3	3	regulation of cellular biosynthetic process	BP	2.30450007511568E-06	BP regulation of cellular biosynthetic process	group12377, group12364, group12225
buzzatii cluster	GO:1903506	1.60512443042883E-08	1	3	3	regulation of nucleic acid-templated transcription	BP	2.30450007511568E-06	BP regulation of nucleic acid-templated transcription	group12377, group12364, group12225
buzzatii cluster	GO:2000112	1.60512443042883E-08	1	3	3	regulation of cellular macromolecule biosynthetic process	BP	2.30450007511568E-06	BP regulation of cellular macromolecule biosynthetic process	group12377, group12364, group12225
buzzatii cluster	GO:2001141	1.60512443042883E-08	1	3	3	regulation of RNA biosynthetic process	BP	2.30450007511568E-06	BP regulation of RNA biosynthetic process	group12377, group12364, group12225
buzzatii cluster	GO:0023052	1.90796028712364E-08	0.999999999994214	3	4	signaling	BP	2.69122819446914E-06	BP signaling	group11785, group12364, group12225
buzzatii cluster	GO:0030030	1.99231696993883E-08	0.999999999993871	3	4	cell projection organization	BP	2.76176352384623E-06	BP cell projection organization	group12222, group12364, group12225
buzzatii cluster	GO:0007154	3.86568297585495E-08	0.99999999997814	3	5	cell communication	BP	5.26781205523285E-06	BP cell communication	group11785, group12364, group12225
buzzatii cluster	GO:0048699	5.53836512370476E-08	0.999999999953503	3	7	generation of neurons	BP	7.42140926576438E-06	BP generation of neurons	group12222, group12364, group12225
buzzatii cluster	GO:0051252	6.39246956418998E-08	0.999999999957235	3	5	regulation of RNA metabolic process	BP	8.42548447476844E-06	BP regulation of RNA metabolic process	group12377, group12364, group12225
buzzatii cluster	GO:0071944	2.36859087543052E-07	0.999999999614554	3	11	cell periphery	CC	3.05222257997186E-05	CC cell periphery	group12222, group11785, group12232
buzzatii cluster	GO:0009966	2.39166694699287E-07	0.999999999620049	3	10	regulation of signal transduction	BP	3.05222257997186E-05	BP regulation of signal transduction	group11785, group12364, group12225
buzzatii cluster	GO:0031175	3.49505898685598E-07	0.999999999352021	3	11	neuron projection development	BP	4.39066785223783E-05	BP neuron projection development	group12222, group12364, group12225
buzzatii cluster	GO:0048666	3.65711360170771E-07	0.999999999263813	3	15	neuron development	BP	4.52356820888154E-05	BP neuron development	group12222, group12364, group12225
buzzatii cluster	GO:0022008	6.87676922160732E-07	0.999999998254845	3	17	neurogenesis	BP	8.37715523359437E-05	BP neurogenesis	group12222, group12364, group12225
buzzatii cluster	GO:0040011	1.09761228034547E-06	0.999999996590216	3	25	locomotion	BP	0.000131713473641	BP locomotion	group12222, group12269, group12225
buzzatii cluster	GO:0043231	1.18212756126636E-06	0.999999989410886	4	73	intracellular membrane-bounded organelle	CC	0.000139769199891	CC intracellular membrane-bounded organelle	group12269, group12377, group12232, group12364
buzzatii cluster	GO:0003674	3.87649169136522E-06	0.999999930883121	7	727	molecular_function	MF	0.000450671354287	MF molecular_function	group12269, group12377, group11785, group12232, group11235, group12364, group12225
buzzatii cluster	GO:0002682	4.03586287421155E-06	1	2	2	regulation of immune system process	BP	0.000450671354287	BP regulation of immune system process	group11785, group12364
buzzatii cluster	GO:0031347	4.03586287421155E-06	1	2	2	regulation of defense response	BP	0.000450671354287	BP regulation of defense response	group11785, group12364
buzzatii cluster	GO:0080134	4.03586287421155E-06	1	2	2	regulation of response to stress	BP	0.000450671354287	BP regulation of response to stress	group11785, group12364
buzzatii cluster	GO:0044459	4.36859469021167E-06	1	2	2	NA	NA	0.000468052526376	none	group11785, group12232
buzzatii cluster	GO:0097458	4.37983904320312E-06	1	2	2	NA	NA	0.000468052526376	none	group12222, group12232
buzzatii cluster	GO:0120025	4.37983904320312E-06	1	2	2	plasma membrane bounded cell projection	CC	0.000468052526376	CC plasma membrane bounded cell projection	group12222, group12232
buzzatii cluster	GO:0008152	4.72384919958865E-06	1	2	2	metabolic process	BP	0.000468052526376	BP metabolic process	group12269, group12364
buzzatii cluster	GO:0044238	4.72384919958865E-06	1	2	2	primary metabolic process	BP	0.000468052526376	BP primary metabolic process	group12269, group12364
buzzatii cluster	GO:0044249	4.72384919958865E-06	1	2	2	cellular biosynthetic process	BP	0.000468052526376	BP cellular biosynthetic process	group12269, group12364
buzzatii cluster	GO:0071704	4.72384919958865E-06	1	2	2	organic substance metabolic process	BP	0.000468052526376	BP organic substance metabolic process	group12269, group12364
buzzatii cluster	GO:1901576	4.72384919958865E-06	1	2	2	organic substance biosynthetic process	BP	0.000468052526376	BP organic substance biosynthetic process	group12269, group12364
buzzatii cluster	GO:0031984	5.08324584841349E-06	1	2	2	organelle subcompartment	CC	0.000468052526376	CC organelle subcompartment	group12269, group12232
buzzatii cluster	GO:0042175	5.08324584841349E-06	1	2	2	nuclear outer membrane-endoplasmic reticulum membrane network	CC	0.000468052526376	CC nuclear outer membrane-endoplasmic reticulum membrane network	group12269, group12232
buzzatii cluster	GO:0044422	5.08324584841349E-06	1	2	2	NA	NA	0.000468052526376	none	group12269, group12232
buzzatii cluster	GO:0044432	5.08324584841349E-06	1	2	2	NA	NA	0.000468052526376	none	group12269, group12232
buzzatii cluster	GO:0044446	5.08324584841349E-06	1	2	2	NA	NA	0.000468052526376	none	group12269, group12232
buzzatii cluster	GO:0098827	5.08324584841349E-06	1	2	2	endoplasmic reticulum subcompartment	CC	0.000468052526376	CC endoplasmic reticulum subcompartment	group12269, group12232
buzzatii cluster	GO:0003006	5.46049440379239E-06	1	2	2	developmental process involved in reproduction	BP	0.000468052526376	BP developmental process involved in reproduction	group12269, group12225
buzzatii cluster	GO:0006928	5.46049440379239E-06	1	2	2	movement of cell or subcellular component	BP	0.000468052526376	BP movement of cell or subcellular component	group12269, group12225
buzzatii cluster	GO:0019953	5.46049440379239E-06	1	2	2	sexual reproduction	BP	0.000468052526376	BP sexual reproduction	group12269, group12225
buzzatii cluster	GO:0022412	5.46049440379239E-06	1	2	2	cellular process involved in reproduction in multicellular organism	BP	0.000468052526376	BP cellular process involved in reproduction in multicellular organism	group12269, group12225
buzzatii cluster	GO:0044703	5.46049440379239E-06	1	2	2	multi-organism reproductive process	BP	0.000468052526376	BP multi-organism reproductive process	group12269, group12225
buzzatii cluster	GO:0048609	5.46049440379239E-06	1	2	2	multicellular organismal reproductive process	BP	0.000468052526376	BP multicellular organismal reproductive process	group12269, group12225
buzzatii cluster	GO:0007610	6.22004519542567E-06	1	2	2	behavior	BP	0.000468052526376	BP behavior	group12232, group12364
buzzatii cluster	GO:0009893	6.22004519542567E-06	1	2	2	positive regulation of metabolic process	BP	0.000468052526376	BP positive regulation of metabolic process	group12232, group12364
buzzatii cluster	GO:0010604	6.22004519542567E-06	1	2	2	positive regulation of macromolecule metabolic process	BP	0.000468052526376	BP positive regulation of macromolecule metabolic process	group12232, group12364
buzzatii cluster	GO:0031325	6.22004519542567E-06	1	2	2	positive regulation of cellular metabolic process	BP	0.000468052526376	BP positive regulation of cellular metabolic process	group12232, group12364
buzzatii cluster	GO:0042592	6.22004519542567E-06	1	2	2	homeostatic process	BP	0.000468052526376	BP homeostatic process	group12232, group12364
buzzatii cluster	GO:0051146	6.22004519542567E-06	1	2	2	striated muscle cell differentiation	BP	0.000468052526376	BP striated muscle cell differentiation	group12232, group12364
buzzatii cluster	GO:0051173	6.22004519542567E-06	1	2	2	positive regulation of nitrogen compound metabolic process	BP	0.000468052526376	BP positive regulation of nitrogen compound metabolic process	group12232, group12364
buzzatii cluster	GO:0065008	6.22004519542567E-06	1	2	2	regulation of biological quality	BP	0.000468052526376	BP regulation of biological quality	group12232, group12364
buzzatii cluster	GO:0000904	6.63656567250049E-06	1	2	2	cell morphogenesis involved in differentiation	BP	0.000468052526376	BP cell morphogenesis involved in differentiation	group12364, group12225
buzzatii cluster	GO:0007167	6.63656567250049E-06	1	2	2	enzyme linked receptor protein signaling pathway	BP	0.000468052526376	BP enzyme linked receptor protein signaling pathway	group12364, group12225
buzzatii cluster	GO:0009967	6.63656567250049E-06	1	2	2	positive regulation of signal transduction	BP	0.000468052526376	BP positive regulation of signal transduction	group12364, group12225
buzzatii cluster	GO:0010647	6.63656567250049E-06	1	2	2	positive regulation of cell communication	BP	0.000468052526376	BP positive regulation of cell communication	group12364, group12225
buzzatii cluster	GO:0010648	6.63656567250049E-06	1	2	2	negative regulation of cell communication	BP	0.000468052526376	BP negative regulation of cell communication	group12364, group12225
buzzatii cluster	GO:0023056	6.63656567250049E-06	1	2	2	positive regulation of signaling	BP	0.000468052526376	BP positive regulation of signaling	group12364, group12225
buzzatii cluster	GO:0023057	6.63656567250049E-06	1	2	2	negative regulation of signaling	BP	0.000468052526376	BP negative regulation of signaling	group12364, group12225
buzzatii cluster	GO:0032990	6.63656567250049E-06	1	2	2	cell part morphogenesis	BP	0.000468052526376	BP cell part morphogenesis	group12364, group12225
buzzatii cluster	GO:0048584	6.63656567250049E-06	1	2	2	positive regulation of response to stimulus	BP	0.000468052526376	BP positive regulation of response to stimulus	group12364, group12225
buzzatii cluster	GO:0048858	6.63656567250049E-06	1	2	2	cell projection morphogenesis	BP	0.000468052526376	BP cell projection morphogenesis	group12364, group12225
buzzatii cluster	GO:0090092	6.63656567250049E-06	1	2	2	regulation of transmembrane receptor protein serine/threonine kinase signaling pathway	BP	0.000468052526376	BP regulation of transmembrane receptor protein serine/threonine kinase signaling pathway	group12364, group12225
buzzatii cluster	GO:0098727	6.63656567250049E-06	1	2	2	maintenance of cell number	BP	0.000468052526376	BP maintenance of cell number	group12364, group12225
buzzatii cluster	GO:0120039	6.63656567250049E-06	1	2	2	plasma membrane bounded cell projection morphogenesis	BP	0.000468052526376	BP plasma membrane bounded cell projection morphogenesis	group12364, group12225
buzzatii cluster	GO:2000026	6.63656567250049E-06	1	2	2	regulation of multicellular organismal development	BP	0.000468052526376	BP regulation of multicellular organismal development	group12364, group12225
buzzatii cluster	GO:0097159	7.30103878764858E-06	1	2	2	organic cyclic compound binding	MF	0.000504008707875	MF organic cyclic compound binding	group12377, group12364
buzzatii cluster	GO:1901363	7.30103878764858E-06	1	2	2	heterocyclic compound binding	MF	0.000504008707875	MF heterocyclic compound binding	group12377, group12364
buzzatii cluster	GO:0050776	7.33445507729148E-06	0.999999996929919	2	3	regulation of immune response	BP	0.000504008707875	BP regulation of immune response	group11785, group12364
buzzatii cluster	GO:0042330	7.78370284315532E-06	0.999999996643381	2	3	taxis	BP	0.00052589051142	BP taxis	group12222, group12225
buzzatii cluster	GO:0006935	7.78370284315675E-06	0.999999996643381	2	3	chemotaxis	BP	0.00052589051142	BP chemotaxis	group12222, group12225
buzzatii cluster	GO:0030182	9.10373404477945E-06	0.999999940549544	3	39	neuron differentiation	BP	0.000609950181	BP neuron differentiation	group12222, group12364, group12225
buzzatii cluster	GO:0044237	9.92951142459592E-06	0.99999999516247	2	3	cellular metabolic process	BP	0.00065193958593	BP cellular metabolic process	group12269, group12364
buzzatii cluster	GO:0042692	9.97370262057387E-06	0.999999995130116	2	3	muscle cell differentiation	BP	0.00065193958593	BP muscle cell differentiation	group12232, group12364
buzzatii cluster	GO:0006996	9.97370262057681E-06	0.999999995130116	2	3	organelle organization	BP	0.00065193958593	BP organelle organization	group12232, group12364
buzzatii cluster	GO:0050795	1.03051943513037E-05	0.999999994885137	2	3	regulation of behavior	BP	0.000668175504714	BP regulation of behavior	group12232, group12364
buzzatii cluster	GO:0048667	1.06249042773291E-05	0.999999994645089	2	3	cell morphogenesis involved in neuron differentiation	BP	0.000683393843118	BP cell morphogenesis involved in neuron differentiation	group12364, group12225
buzzatii cluster	GO:0022414	1.08948705776646E-05	0.999999994439546	2	3	reproductive process	BP	0.000694272235764	BP reproductive process	group12269, group12225
buzzatii cluster	GO:0050793	1.0966738052491E-05	0.999999994384394	2	3	regulation of developmental process	BP	0.000694272235764	BP regulation of developmental process	group12364, group12225
buzzatii cluster	GO:0140110	1.15478484820058E-05	0.999999993931823	2	3	transcription regulator activity	MF	0.000725349232776	MF transcription regulator activity	group12377, group12364
buzzatii cluster	GO:0019827	1.41447683315304E-05	0.999999988366963	2	4	stem cell population maintenance	BP	0.000875071869959	BP stem cell population maintenance	group12364, group12225
buzzatii cluster	GO:0031224	1.41491720266967E-05	0.999999986479519	2	5	intrinsic component of membrane	CC	0.000875071869959	CC intrinsic component of membrane	group12269, group11785
buzzatii cluster	GO:0061564	1.50456347451855E-05	0.999999985173436	2	5	axon development	BP	0.000923411475964	BP axon development	group12222, group12225
buzzatii cluster	GO:0000003	1.92513320422998E-05	0.999999981521867	2	4	reproduction	BP	0.001172581133486	BP reproduction	group12269, group12225
buzzatii cluster	GO:0007399	2.16525814603214E-05	0.999999806121274	3	68	nervous system development	BP	0.001299413685783	BP nervous system development	group12222, group12364, group12225
buzzatii cluster	GO:0002020	2.16568947630547E-05	0.999999977948793	2	4	protease binding	MF	0.001299413685783	MF protease binding	group12232, group12364
buzzatii cluster	GO:0007276	2.36818880029117E-05	0.999999968111767	2	6	gamete generation	BP	0.001410387996618	BP gamete generation	group12269, group12225
buzzatii cluster	GO:0009791	2.64577874934226E-05	0.999999970214873	2	4	post-embryonic development	BP	0.001556671057225	BP post-embryonic development	group12364, group12225
buzzatii cluster	GO:0061061	2.65253650298276E-05	0.999999962193605	2	6	muscle structure development	BP	0.001556671057225	BP muscle structure development	group12232, group12364
buzzatii cluster	GO:0008610	2.84176166136946E-05	0.999999955710539	2	7	lipid biosynthetic process	BP	0.001655635054885	BP lipid biosynthetic process	group12269, group12364
buzzatii cluster	GO:0046620	2.95719174953325E-05	0.99999995298216	2	7	regulation of organ growth	BP	0.001710490767356	BP regulation of organ growth	group12364, group12225
buzzatii cluster	GO:0048513	3.12828756986747E-05	0.999999955505028	2	5	animal organ development	BP	0.001796530861552	BP animal organ development	group12364, group12225
buzzatii cluster	GO:0009968	3.21130022224836E-05	0.999999953720288	2	5	negative regulation of signal transduction	BP	0.001831124382048	BP negative regulation of signal transduction	group12364, group12225
buzzatii cluster	GO:0010941	3.28166751889235E-05	0.999999945026699	2	7	regulation of cell death	BP	0.001858070905063	BP regulation of cell death	group12232, group12364
buzzatii cluster	GO:0016358	3.63386288908277E-05	0.999999931505568	2	9	dendrite development	BP	0.002043094939037	BP dendrite development	group12364, group12225
buzzatii cluster	GO:0016020	3.74330396448227E-05	0.999999164620192	4	234	membrane	CC	0.002090011380169	CC membrane	group12222, group12269, group11785, group12232
buzzatii cluster	GO:0010468	3.78889002322836E-05	0.999999588850164	3	75	regulation of gene expression	BP	0.00210087419219	BP regulation of gene expression	group12377, group12364, group12225
buzzatii cluster	GO:0048638	3.85893928889401E-05	0.99999993901727	2	5	regulation of developmental growth	BP	0.002125059717994	BP regulation of developmental growth	group12364, group12225
buzzatii cluster	GO:0002165	4.38323246503242E-05	0.999999909233893	2	9	instar larval or pupal development	BP	0.002397359797201	BP instar larval or pupal development	group12364, group12225
buzzatii cluster	GO:0007165	4.63792054364895E-05	0.99999945910645	3	86	signal transduction	BP	0.002519518998036	BP signal transduction	group11785, group12364, group12225
buzzatii cluster	GO:0009058	4.67774528118604E-05	0.999999899922915	2	9	biosynthetic process	BP	0.002524098796023	BP biosynthetic process	group12269, group12364
buzzatii cluster	GO:0009888	6.01874157491057E-05	0.999999842472136	2	14	tissue development	BP	0.003226045484152	BP tissue development	group12364, group12225
buzzatii cluster	GO:0032879	6.83696023598205E-05	0.999999856016826	2	5	regulation of localization	BP	0.003640341741543	BP regulation of localization	group12232, group12364
buzzatii cluster	GO:0042995	6.93096029018053E-05	0.999999824426908	2	8	cell projection	CC	0.003666113206122	CC cell projection	group12222, group12232
buzzatii cluster	GO:0042335	7.95952147537267E-05	0.999999765431568	2	12	cuticle development	BP	0.004173470104612	BP cuticle development	group11235, group12225
buzzatii cluster	GO:0040014	7.99396015062413E-05	0.999999767222894	2	11	regulation of multicellular organism growth	BP	0.004173470104612	BP regulation of multicellular organism growth	group12364, group12225
buzzatii cluster	GO:0019899	8.16792723269086E-05	0.999999759571658	2	11	enzyme binding	MF	0.004236782900054	MF enzyme binding	group12232, group12364
buzzatii cluster	GO:0009887	8.77386458701593E-05	0.999999718116678	2	16	animal organ morphogenesis	BP	0.004521914825616	BP animal organ morphogenesis	group12364, group12225
buzzatii cluster	GO:0007010	0.000102693842991	0.999999638613511	2	18	cytoskeleton organization	BP	0.005234444774225	BP cytoskeleton organization	group12232, group12364
buzzatii cluster	GO:0001654	0.000102865954518	0.999999642028283	2	16	eye development	BP	0.005234444774225	BP eye development	group12364, group12225
buzzatii cluster	GO:0007626	0.000106600471891	0.999999622325935	2	16	locomotory behavior	BP	0.005390363484286	BP locomotory behavior	group12232, group12364
buzzatii cluster	GO:0040008	0.000145798608201	0.999999395402781	2	16	regulation of growth	BP	0.007326380062112	BP regulation of growth	group12364, group12225
buzzatii cluster	GO:0048812	0.000163085712855	0.999999284512215	2	16	neuron projection morphogenesis	BP	0.008134772634956	BP neuron projection morphogenesis	group12364, group12225
buzzatii cluster	GO:0007166	0.000163909597869	0.999999274459268	2	17	cell surface receptor signaling pathway	BP	0.008134772634956	BP cell surface receptor signaling pathway	group12364, group12225
buzzatii cluster	GO:0005198	0.000253912676659	0.999998572129972	2	21	structural molecule activity	MF	0.012524281719873	MF structural molecule activity	group12232, group11235
buzzatii cluster	GO:0007423	0.000333734650711	0.999997803393932	2	28	sensory organ development	BP	0.016361137754349	BP sensory organ development	group12364, group12225
buzzatii cluster	GO:0030718	0.000345271769681	0.999997675235197	2	31	germ-line stem cell population maintenance	BP	0.01682415168628	BP germ-line stem cell population maintenance	group12364, group12225
buzzatii cluster	GO:0006355	0.000415319321728	0.999989619150415	3	181	regulation of transcription, DNA-templated	BP	0.020115465943933	BP regulation of transcription, DNA-templated	group12377, group12364, group12225
buzzatii cluster	GO:0009986	0.000478779339942	0.99999614023201	2	44	cell surface	CC	0.023050214928952	CC cell surface	group12222, group12225
buzzatii cluster	GO:0006629	0.000540088421172	0.999995442243362	2	31	lipid metabolic process	BP	0.025764823464673	BP lipid metabolic process	group12269, group12364
buzzatii cluster	GO:0007281	0.000543483907372	0.999995360488097	2	37	germ cell development	BP	0.025764823464673	BP germ cell development	group12269, group12225
buzzatii cluster	GO:0051726	0.000544778605596	0.999995361458117	2	34	regulation of cell cycle	BP	0.025764823464673	BP regulation of cell cycle	group12364, group12225
buzzatii cluster	GO:0043005	0.000617662738377	0.999994319995965	2	48	neuron projection	CC	0.029040984892125	CC neuron projection	group12222, group12232
buzzatii cluster	GO:0000902	0.000735394555901	0.999992668905117	2	39	cell morphogenesis	BP	0.034375419938649	BP cell morphogenesis	group12364, group12225
buzzatii cluster	GO:0044421	0.000817244780481	1	1	1	NA	NA	0.037980624480179	none	group11235
buzzatii cluster	GO:0002683	0.001715500301896	1	1	1	negative regulation of immune system process	BP	0.055878044205087	BP negative regulation of immune system process	group11785
buzzatii cluster	GO:0019932	0.001715500301896	1	1	1	second-messenger-mediated signaling	BP	0.055878044205087	BP second-messenger-mediated signaling	group11785
buzzatii cluster	GO:0031226	0.001715500301896	1	1	1	intrinsic component of plasma membrane	CC	0.055878044205087	CC intrinsic component of plasma membrane	group11785
buzzatii cluster	GO:0031348	0.001715500301896	1	1	1	negative regulation of defense response	BP	0.055878044205087	BP negative regulation of defense response	group11785
buzzatii cluster	GO:0060089	0.001715500301896	1	1	1	molecular transducer activity	MF	0.055878044205087	MF molecular transducer activity	group11785
buzzatii cluster	GO:0071875	0.001715500301896	1	1	1	adrenergic receptor signaling pathway	BP	0.055878044205087	BP adrenergic receptor signaling pathway	group11785
buzzatii cluster	GO:0080135	0.001715500301896	1	1	1	regulation of cellular response to stress	BP	0.055878044205087	BP regulation of cellular response to stress	group11785
buzzatii cluster	GO:0099528	0.001715500301896	1	1	1	G protein-coupled neurotransmitter receptor activity	MF	0.055878044205087	MF G protein-coupled neurotransmitter receptor activity	group11785
buzzatii cluster	GO:1900101	0.001715500301896	1	1	1	regulation of endoplasmic reticulum unfolded protein response	BP	0.055878044205087	BP regulation of endoplasmic reticulum unfolded protein response	group11785
buzzatii cluster	GO:0008037	0.001721247631124	1	1	1	cell recognition	BP	0.055878044205087	BP cell recognition	group12222
buzzatii cluster	GO:0022610	0.001721247631124	1	1	1	biological adhesion	BP	0.055878044205087	BP biological adhesion	group12222
buzzatii cluster	GO:0033267	0.001721247631124	1	1	1	NA	NA	0.055878044205087	none	group12222
buzzatii cluster	GO:0044463	0.001721247631124	1	1	1	NA	NA	0.055878044205087	none	group12222
buzzatii cluster	GO:0050918	0.001721247631124	1	1	1	positive chemotaxis	BP	0.055878044205087	BP positive chemotaxis	group12222
buzzatii cluster	GO:0120038	0.001721247631124	1	1	1	NA	NA	0.055878044205087	none	group12222
buzzatii cluster	GO:0150034	0.001721247631124	1	1	1	distal axon	CC	0.055878044205087	CC distal axon	group12222
buzzatii cluster	GO:0006793	0.002067142732758	1	1	1	phosphorus metabolic process	BP	0.055878044205087	BP phosphorus metabolic process	group12269
buzzatii cluster	GO:0010256	0.002067142732758	1	1	1	endomembrane system organization	BP	0.055878044205087	BP endomembrane system organization	group12269
buzzatii cluster	GO:0016411	0.002067142732758	1	1	1	acylglycerol O-acyltransferase activity	MF	0.055878044205087	MF acylglycerol O-acyltransferase activity	group12269
buzzatii cluster	GO:0016740	0.002067142732758	1	1	1	transferase activity	MF	0.055878044205087	MF transferase activity	group12269
buzzatii cluster	GO:0019637	0.002067142732758	1	1	1	organophosphate metabolic process	BP	0.055878044205087	BP organophosphate metabolic process	group12269
buzzatii cluster	GO:0045017	0.002067142732758	1	1	1	glycerolipid biosynthetic process	BP	0.055878044205087	BP glycerolipid biosynthetic process	group12269
buzzatii cluster	GO:0046474	0.002067142732758	1	1	1	glycerophospholipid biosynthetic process	BP	0.055878044205087	BP glycerophospholipid biosynthetic process	group12269
buzzatii cluster	GO:0046486	0.002067142732758	1	1	1	glycerolipid metabolic process	BP	0.055878044205087	BP glycerolipid metabolic process	group12269
buzzatii cluster	GO:0051179	0.002067142732758	1	1	1	localization	BP	0.055878044205087	BP localization	group12269
buzzatii cluster	GO:0051674	0.002067142732758	1	1	1	localization of cell	BP	0.055878044205087	BP localization of cell	group12269
buzzatii cluster	GO:0090407	0.002067142732758	1	1	1	organophosphate biosynthetic process	BP	0.055878044205087	BP organophosphate biosynthetic process	group12269
buzzatii cluster	GO:0098742	0.002237659434524	0.999998903471597	1	2	cell-cell adhesion via plasma-membrane adhesion molecules	BP	0.055878044205087	BP cell-cell adhesion via plasma-membrane adhesion molecules	group12222
buzzatii cluster	GO:0106030	0.002237921022428	0.999998903215046	1	2	neuron projection fasciculation	BP	0.055878044205087	BP neuron projection fasciculation	group12222
buzzatii cluster	GO:0032795	0.002287065886261	0.999998854483495	1	2	heterotrimeric G-protein binding	MF	0.055878044205087	MF heterotrimeric G-protein binding	group11785
buzzatii cluster	GO:0071927	0.002328327072089	0.999998812750289	1	2	octopamine signaling pathway	BP	0.055878044205087	BP octopamine signaling pathway	group11785
buzzatii cluster	GO:0007267	0.002359478836634	0.99999878074683	1	2	cell-cell signaling	BP	0.055878044205087	BP cell-cell signaling	group11785
buzzatii cluster	GO:0048813	0.002405131417709	0.999955186038929	2	94	dendrite morphogenesis	BP	0.055878044205087	BP dendrite morphogenesis	group12364, group12225
buzzatii cluster	GO:0048749	0.002490008618064	0.999952845229714	2	86	compound eye development	BP	0.055878044205087	BP compound eye development	group12364, group12225
buzzatii cluster	GO:1905897	0.002571043146339	0.999998552121119	1	2	regulation of response to endoplasmic reticulum stress	BP	0.055878044205087	BP regulation of response to endoplasmic reticulum stress	group11785
buzzatii cluster	GO:0000768	0.002578802479937	1	1	1	syncytium formation by plasma membrane fusion	BP	0.055878044205087	BP syncytium formation by plasma membrane fusion	group12364
buzzatii cluster	GO:0000982	0.002578802479937	1	1	1	NA	NA	0.055878044205087	none	group12364
buzzatii cluster	GO:0001012	0.002578802479937	1	1	1	NA	NA	0.055878044205087	none	group12364
buzzatii cluster	GO:0001067	0.002578802479937	1	1	1	transcription regulatory region nucleic acid binding	MF	0.055878044205087	MF transcription regulatory region nucleic acid binding	group12364
buzzatii cluster	GO:0001077	0.002578802479937	1	1	1	NA	NA	0.055878044205087	none	group12364
buzzatii cluster	GO:0002119	0.002578802479937	1	1	1	nematode larval development	BP	0.055878044205087	BP nematode larval development	group12364
buzzatii cluster	GO:0002376	0.002578802479937	1	1	1	immune system process	BP	0.055878044205087	BP immune system process	group12364
buzzatii cluster	GO:0002684	0.002578802479937	1	1	1	positive regulation of immune system process	BP	0.055878044205087	BP positive regulation of immune system process	group12364
buzzatii cluster	GO:0002819	0.002578802479937	1	1	1	regulation of adaptive immune response	BP	0.055878044205087	BP regulation of adaptive immune response	group12364
buzzatii cluster	GO:0002821	0.002578802479937	1	1	1	positive regulation of adaptive immune response	BP	0.055878044205087	BP positive regulation of adaptive immune response	group12364
buzzatii cluster	GO:0002831	0.002578802479937	1	1	1	regulation of response to biotic stimulus	BP	0.055878044205087	BP regulation of response to biotic stimulus	group12364
buzzatii cluster	GO:0002833	0.002578802479937	1	1	1	positive regulation of response to biotic stimulus	BP	0.055878044205087	BP positive regulation of response to biotic stimulus	group12364
buzzatii cluster	GO:0003008	0.002578802479937	1	1	1	system process	BP	0.055878044205087	BP system process	group12364
buzzatii cluster	GO:0005976	0.002578802479937	1	1	1	polysaccharide metabolic process	BP	0.055878044205087	BP polysaccharide metabolic process	group12364
buzzatii cluster	GO:0006073	0.002578802479937	1	1	1	cellular glucan metabolic process	BP	0.055878044205087	BP cellular glucan metabolic process	group12364
buzzatii cluster	GO:0006112	0.002578802479937	1	1	1	energy reserve metabolic process	BP	0.055878044205087	BP energy reserve metabolic process	group12364
buzzatii cluster	GO:0006725	0.002578802479937	1	1	1	cellular aromatic compound metabolic process	BP	0.055878044205087	BP cellular aromatic compound metabolic process	group12364
buzzatii cluster	GO:0006949	0.002578802479937	1	1	1	syncytium formation	BP	0.055878044205087	BP syncytium formation	group12364
buzzatii cluster	GO:0006950	0.002578802479937	1	1	1	response to stress	BP	0.055878044205087	BP response to stress	group12364
buzzatii cluster	GO:0009059	0.002578802479937	1	1	1	macromolecule biosynthetic process	BP	0.055878044205087	BP macromolecule biosynthetic process	group12364
buzzatii cluster	GO:0009607	0.002578802479937	1	1	1	response to biotic stimulus	BP	0.055878044205087	BP response to biotic stimulus	group12364
buzzatii cluster	GO:0009628	0.002578802479937	1	1	1	response to abiotic stimulus	BP	0.055878044205087	BP response to abiotic stimulus	group12364
buzzatii cluster	GO:0009719	0.002578802479937	1	1	1	response to endogenous stimulus	BP	0.055878044205087	BP response to endogenous stimulus	group12364
buzzatii cluster	GO:0009890	0.002578802479937	1	1	1	negative regulation of biosynthetic process	BP	0.055878044205087	BP negative regulation of biosynthetic process	group12364
buzzatii cluster	GO:0009891	0.002578802479937	1	1	1	positive regulation of biosynthetic process	BP	0.055878044205087	BP positive regulation of biosynthetic process	group12364
buzzatii cluster	GO:0009892	0.002578802479937	1	1	1	negative regulation of metabolic process	BP	0.055878044205087	BP negative regulation of metabolic process	group12364
buzzatii cluster	GO:0009894	0.002578802479937	1	1	1	regulation of catabolic process	BP	0.055878044205087	BP regulation of catabolic process	group12364
buzzatii cluster	GO:0009896	0.002578802479937	1	1	1	positive regulation of catabolic process	BP	0.055878044205087	BP positive regulation of catabolic process	group12364
buzzatii cluster	GO:0009991	0.002578802479937	1	1	1	response to extracellular stimulus	BP	0.055878044205087	BP response to extracellular stimulus	group12364
buzzatii cluster	GO:0010243	0.002578802479937	1	1	1	response to organonitrogen compound	BP	0.055878044205087	BP response to organonitrogen compound	group12364
buzzatii cluster	GO:0010557	0.002578802479937	1	1	1	positive regulation of macromolecule biosynthetic process	BP	0.055878044205087	BP positive regulation of macromolecule biosynthetic process	group12364
buzzatii cluster	GO:0010558	0.002578802479937	1	1	1	negative regulation of macromolecule biosynthetic process	BP	0.055878044205087	BP negative regulation of macromolecule biosynthetic process	group12364
buzzatii cluster	GO:0010605	0.002578802479937	1	1	1	negative regulation of macromolecule metabolic process	BP	0.055878044205087	BP negative regulation of macromolecule metabolic process	group12364
buzzatii cluster	GO:0010817	0.002578802479937	1	1	1	regulation of hormone levels	BP	0.055878044205087	BP regulation of hormone levels	group12364
buzzatii cluster	GO:0010896	0.002578802479937	1	1	1	regulation of triglyceride catabolic process	BP	0.055878044205087	BP regulation of triglyceride catabolic process	group12364
buzzatii cluster	GO:0014902	0.002578802479937	1	1	1	myotube differentiation	BP	0.055878044205087	BP myotube differentiation	group12364
buzzatii cluster	GO:0015980	0.002578802479937	1	1	1	energy derivation by oxidation of organic compounds	BP	0.055878044205087	BP energy derivation by oxidation of organic compounds	group12364
buzzatii cluster	GO:0018130	0.002578802479937	1	1	1	heterocycle biosynthetic process	BP	0.055878044205087	BP heterocycle biosynthetic process	group12364
buzzatii cluster	GO:0019438	0.002578802479937	1	1	1	aromatic compound biosynthetic process	BP	0.055878044205087	BP aromatic compound biosynthetic process	group12364
buzzatii cluster	GO:0031324	0.002578802479937	1	1	1	negative regulation of cellular metabolic process	BP	0.055878044205087	BP negative regulation of cellular metabolic process	group12364
buzzatii cluster	GO:0031327	0.002578802479937	1	1	1	negative regulation of cellular biosynthetic process	BP	0.055878044205087	BP negative regulation of cellular biosynthetic process	group12364
buzzatii cluster	GO:0031328	0.002578802479937	1	1	1	positive regulation of cellular biosynthetic process	BP	0.055878044205087	BP positive regulation of cellular biosynthetic process	group12364
buzzatii cluster	GO:0031329	0.002578802479937	1	1	1	regulation of cellular catabolic process	BP	0.055878044205087	BP regulation of cellular catabolic process	group12364
buzzatii cluster	GO:0031331	0.002578802479937	1	1	1	positive regulation of cellular catabolic process	BP	0.055878044205087	BP positive regulation of cellular catabolic process	group12364
buzzatii cluster	GO:0031349	0.002578802479937	1	1	1	positive regulation of defense response	BP	0.055878044205087	BP positive regulation of defense response	group12364
buzzatii cluster	GO:0031667	0.002578802479937	1	1	1	response to nutrient levels	BP	0.055878044205087	BP response to nutrient levels	group12364
buzzatii cluster	GO:0031668	0.002578802479937	1	1	1	cellular response to extracellular stimulus	BP	0.055878044205087	BP cellular response to extracellular stimulus	group12364
buzzatii cluster	GO:0032101	0.002578802479937	1	1	1	regulation of response to external stimulus	BP	0.055878044205087	BP regulation of response to external stimulus	group12364
buzzatii cluster	GO:0032103	0.002578802479937	1	1	1	positive regulation of response to external stimulus	BP	0.055878044205087	BP positive regulation of response to external stimulus	group12364
buzzatii cluster	GO:0032535	0.002578802479937	1	1	1	regulation of cellular component size	BP	0.055878044205087	BP regulation of cellular component size	group12364
buzzatii cluster	GO:0032774	0.002578802479937	1	1	1	RNA biosynthetic process	BP	0.055878044205087	BP RNA biosynthetic process	group12364
buzzatii cluster	GO:0032870	0.002578802479937	1	1	1	cellular response to hormone stimulus	BP	0.055878044205087	BP cellular response to hormone stimulus	group12364
buzzatii cluster	GO:0032925	0.002578802479937	1	1	1	regulation of activin receptor signaling pathway	BP	0.055878044205087	BP regulation of activin receptor signaling pathway	group12364
buzzatii cluster	GO:0033554	0.002578802479937	1	1	1	cellular response to stress	BP	0.055878044205087	BP cellular response to stress	group12364
buzzatii cluster	GO:0034641	0.002578802479937	1	1	1	cellular nitrogen compound metabolic process	BP	0.055878044205087	BP cellular nitrogen compound metabolic process	group12364
buzzatii cluster	GO:0034645	0.002578802479937	1	1	1	cellular macromolecule biosynthetic process	BP	0.055878044205087	BP cellular macromolecule biosynthetic process	group12364
buzzatii cluster	GO:0034654	0.002578802479937	1	1	1	nucleobase-containing compound biosynthetic process	BP	0.055878044205087	BP nucleobase-containing compound biosynthetic process	group12364
buzzatii cluster	GO:0034754	0.002578802479937	1	1	1	cellular hormone metabolic process	BP	0.055878044205087	BP cellular hormone metabolic process	group12364
buzzatii cluster	GO:0040024	0.002578802479937	1	1	1	dauer larval development	BP	0.055878044205087	BP dauer larval development	group12364
buzzatii cluster	GO:0042180	0.002578802479937	1	1	1	cellular ketone metabolic process	BP	0.055878044205087	BP cellular ketone metabolic process	group12364
buzzatii cluster	GO:0042181	0.002578802479937	1	1	1	ketone biosynthetic process	BP	0.055878044205087	BP ketone biosynthetic process	group12364
buzzatii cluster	GO:0042446	0.002578802479937	1	1	1	hormone biosynthetic process	BP	0.055878044205087	BP hormone biosynthetic process	group12364
buzzatii cluster	GO:0043170	0.002578802479937	1	1	1	macromolecule metabolic process	BP	0.055878044205087	BP macromolecule metabolic process	group12364
buzzatii cluster	GO:0043207	0.002578802479937	1	1	1	response to external biotic stimulus	BP	0.055878044205087	BP response to external biotic stimulus	group12364
buzzatii cluster	GO:0043434	0.002578802479937	1	1	1	response to peptide hormone	BP	0.055878044205087	BP response to peptide hormone	group12364
buzzatii cluster	GO:0043900	0.002578802479937	1	1	1	NA	NA	0.055878044205087	none	group12364
buzzatii cluster	GO:0043902	0.002578802479937	1	1	1	NA	NA	0.055878044205087	none	group12364
buzzatii cluster	GO:0044042	0.002578802479937	1	1	1	glucan metabolic process	BP	0.055878044205087	BP glucan metabolic process	group12364
buzzatii cluster	GO:0044087	0.002578802479937	1	1	1	regulation of cellular component biogenesis	BP	0.055878044205087	BP regulation of cellular component biogenesis	group12364
buzzatii cluster	GO:0044089	0.002578802479937	1	1	1	positive regulation of cellular component biogenesis	BP	0.055878044205087	BP positive regulation of cellular component biogenesis	group12364
buzzatii cluster	GO:0044212	0.002578802479937	1	1	1	NA	NA	0.055878044205087	none	group12364
buzzatii cluster	GO:0044260	0.002578802479937	1	1	1	cellular macromolecule metabolic process	BP	0.055878044205087	BP cellular macromolecule metabolic process	group12364
buzzatii cluster	GO:0044262	0.002578802479937	1	1	1	cellular carbohydrate metabolic process	BP	0.055878044205087	BP cellular carbohydrate metabolic process	group12364
buzzatii cluster	GO:0044264	0.002578802479937	1	1	1	cellular polysaccharide metabolic process	BP	0.055878044205087	BP cellular polysaccharide metabolic process	group12364
buzzatii cluster	GO:0044271	0.002578802479937	1	1	1	cellular nitrogen compound biosynthetic process	BP	0.055878044205087	BP cellular nitrogen compound biosynthetic process	group12364
buzzatii cluster	GO:0044281	0.002578802479937	1	1	1	small molecule metabolic process	BP	0.055878044205087	BP small molecule metabolic process	group12364
buzzatii cluster	GO:0044283	0.002578802479937	1	1	1	small molecule biosynthetic process	BP	0.055878044205087	BP small molecule biosynthetic process	group12364
buzzatii cluster	GO:0044389	0.002578802479937	1	1	1	ubiquitin-like protein ligase binding	MF	0.055878044205087	MF ubiquitin-like protein ligase binding	group12364
buzzatii cluster	GO:0045934	0.002578802479937	1	1	1	negative regulation of nucleobase-containing compound metabolic process	BP	0.055878044205087	BP negative regulation of nucleobase-containing compound metabolic process	group12364
buzzatii cluster	GO:0045935	0.002578802479937	1	1	1	positive regulation of nucleobase-containing compound metabolic process	BP	0.055878044205087	BP positive regulation of nucleobase-containing compound metabolic process	group12364
buzzatii cluster	GO:0046165	0.002578802479937	1	1	1	alcohol biosynthetic process	BP	0.055878044205087	BP alcohol biosynthetic process	group12364
buzzatii cluster	GO:0046483	0.002578802479937	1	1	1	heterocycle metabolic process	BP	0.055878044205087	BP heterocycle metabolic process	group12364
buzzatii cluster	GO:0048511	0.002578802479937	1	1	1	rhythmic process	BP	0.055878044205087	BP rhythmic process	group12364
buzzatii cluster	GO:0048520	0.002578802479937	1	1	1	positive regulation of behavior	BP	0.055878044205087	BP positive regulation of behavior	group12364
buzzatii cluster	GO:0048580	0.002578802479937	1	1	1	regulation of post-embryonic development	BP	0.055878044205087	BP regulation of post-embryonic development	group12364
buzzatii cluster	GO:0048582	0.002578802479937	1	1	1	positive regulation of post-embryonic development	BP	0.055878044205087	BP positive regulation of post-embryonic development	group12364
buzzatii cluster	GO:0048878	0.002578802479937	1	1	1	chemical homeostasis	BP	0.055878044205087	BP chemical homeostasis	group12364
buzzatii cluster	GO:0050890	0.002578802479937	1	1	1	cognition	BP	0.055878044205087	BP cognition	group12364
buzzatii cluster	GO:0050994	0.002578802479937	1	1	1	regulation of lipid catabolic process	BP	0.055878044205087	BP regulation of lipid catabolic process	group12364
buzzatii cluster	GO:0050996	0.002578802479937	1	1	1	positive regulation of lipid catabolic process	BP	0.055878044205087	BP positive regulation of lipid catabolic process	group12364
buzzatii cluster	GO:0051093	0.002578802479937	1	1	1	negative regulation of developmental process	BP	0.055878044205087	BP negative regulation of developmental process	group12364
buzzatii cluster	GO:0051094	0.002578802479937	1	1	1	positive regulation of developmental process	BP	0.055878044205087	BP positive regulation of developmental process	group12364
buzzatii cluster	GO:0051128	0.002578802479937	1	1	1	regulation of cellular component organization	BP	0.055878044205087	BP regulation of cellular component organization	group12364
buzzatii cluster	GO:0051130	0.002578802479937	1	1	1	positive regulation of cellular component organization	BP	0.055878044205087	BP positive regulation of cellular component organization	group12364
buzzatii cluster	GO:0051172	0.002578802479937	1	1	1	negative regulation of nitrogen compound metabolic process	BP	0.055878044205087	BP negative regulation of nitrogen compound metabolic process	group12364
buzzatii cluster	GO:0051240	0.002578802479937	1	1	1	positive regulation of multicellular organismal process	BP	0.055878044205087	BP positive regulation of multicellular organismal process	group12364
buzzatii cluster	GO:0051241	0.002578802479937	1	1	1	negative regulation of multicellular organismal process	BP	0.055878044205087	BP negative regulation of multicellular organismal process	group12364
buzzatii cluster	GO:0051253	0.002578802479937	1	1	1	negative regulation of RNA metabolic process	BP	0.055878044205087	BP negative regulation of RNA metabolic process	group12364
buzzatii cluster	GO:0051254	0.002578802479937	1	1	1	positive regulation of RNA metabolic process	BP	0.055878044205087	BP positive regulation of RNA metabolic process	group12364
buzzatii cluster	GO:0051707	0.002578802479937	1	1	1	response to other organism	BP	0.055878044205087	BP response to other organism	group12364
buzzatii cluster	GO:0051962	0.002578802479937	1	1	1	positive regulation of nervous system development	BP	0.055878044205087	BP positive regulation of nervous system development	group12364
buzzatii cluster	GO:0055116	0.002578802479937	1	1	1	entry into reproductive diapause	BP	0.055878044205087	BP entry into reproductive diapause	group12364
buzzatii cluster	GO:0061062	0.002578802479937	1	1	1	regulation of nematode larval development	BP	0.055878044205087	BP regulation of nematode larval development	group12364
buzzatii cluster	GO:0061063	0.002578802479937	1	1	1	positive regulation of nematode larval development	BP	0.055878044205087	BP positive regulation of nematode larval development	group12364
buzzatii cluster	GO:0061065	0.002578802479937	1	1	1	regulation of dauer larval development	BP	0.055878044205087	BP regulation of dauer larval development	group12364
buzzatii cluster	GO:0061066	0.002578802479937	1	1	1	positive regulation of dauer larval development	BP	0.055878044205087	BP positive regulation of dauer larval development	group12364
buzzatii cluster	GO:0070344	0.002578802479937	1	1	1	regulation of fat cell proliferation	BP	0.055878044205087	BP regulation of fat cell proliferation	group12364
buzzatii cluster	GO:0070887	0.002578802479937	1	1	1	cellular response to chemical stimulus	BP	0.055878044205087	BP cellular response to chemical stimulus	group12364
buzzatii cluster	GO:0071156	0.002578802479937	1	1	1	NA	NA	0.055878044205087	none	group12364
buzzatii cluster	GO:0071310	0.002578802479937	1	1	1	cellular response to organic substance	BP	0.055878044205087	BP cellular response to organic substance	group12364
buzzatii cluster	GO:0071375	0.002578802479937	1	1	1	cellular response to peptide hormone stimulus	BP	0.055878044205087	BP cellular response to peptide hormone stimulus	group12364
buzzatii cluster	GO:0071417	0.002578802479937	1	1	1	cellular response to organonitrogen compound	BP	0.055878044205087	BP cellular response to organonitrogen compound	group12364
buzzatii cluster	GO:0071495	0.002578802479937	1	1	1	cellular response to endogenous stimulus	BP	0.055878044205087	BP cellular response to endogenous stimulus	group12364
buzzatii cluster	GO:0071496	0.002578802479937	1	1	1	cellular response to external stimulus	BP	0.055878044205087	BP cellular response to external stimulus	group12364
buzzatii cluster	GO:0090066	0.002578802479937	1	1	1	regulation of anatomical structure size	BP	0.055878044205087	BP regulation of anatomical structure size	group12364
buzzatii cluster	GO:0090208	0.002578802479937	1	1	1	positive regulation of triglyceride metabolic process	BP	0.055878044205087	BP positive regulation of triglyceride metabolic process	group12364
buzzatii cluster	GO:0090304	0.002578802479937	1	1	1	nucleic acid metabolic process	BP	0.055878044205087	BP nucleic acid metabolic process	group12364
buzzatii cluster	GO:0090596	0.002578802479937	1	1	1	sensory organ morphogenesis	BP	0.055878044205087	BP sensory organ morphogenesis	group12364
buzzatii cluster	GO:0097659	0.002578802479937	1	1	1	nucleic acid-templated transcription	BP	0.055878044205087	BP nucleic acid-templated transcription	group12364
buzzatii cluster	GO:0099177	0.002578802479937	1	1	1	regulation of trans-synaptic signaling	BP	0.055878044205087	BP regulation of trans-synaptic signaling	group12364
buzzatii cluster	GO:1900076	0.002578802479937	1	1	1	regulation of cellular response to insulin stimulus	BP	0.055878044205087	BP regulation of cellular response to insulin stimulus	group12364
buzzatii cluster	GO:1900077	0.002578802479937	1	1	1	negative regulation of cellular response to insulin stimulus	BP	0.055878044205087	BP negative regulation of cellular response to insulin stimulus	group12364
buzzatii cluster	GO:1901360	0.002578802479937	1	1	1	organic cyclic compound metabolic process	BP	0.055878044205087	BP organic cyclic compound metabolic process	group12364
buzzatii cluster	GO:1901362	0.002578802479937	1	1	1	organic cyclic compound biosynthetic process	BP	0.055878044205087	BP organic cyclic compound biosynthetic process	group12364
buzzatii cluster	GO:1901615	0.002578802479937	1	1	1	organic hydroxy compound metabolic process	BP	0.055878044205087	BP organic hydroxy compound metabolic process	group12364
buzzatii cluster	GO:1901617	0.002578802479937	1	1	1	organic hydroxy compound biosynthetic process	BP	0.055878044205087	BP organic hydroxy compound biosynthetic process	group12364
buzzatii cluster	GO:1901652	0.002578802479937	1	1	1	response to peptide	BP	0.055878044205087	BP response to peptide	group12364
buzzatii cluster	GO:1901653	0.002578802479937	1	1	1	cellular response to peptide	BP	0.055878044205087	BP cellular response to peptide	group12364
buzzatii cluster	GO:1901698	0.002578802479937	1	1	1	response to nitrogen compound	BP	0.055878044205087	BP response to nitrogen compound	group12364
buzzatii cluster	GO:1901699	0.002578802479937	1	1	1	cellular response to nitrogen compound	BP	0.055878044205087	BP cellular response to nitrogen compound	group12364
buzzatii cluster	GO:1901700	0.002578802479937	1	1	1	response to oxygen-containing compound	BP	0.055878044205087	BP response to oxygen-containing compound	group12364
buzzatii cluster	GO:1901701	0.002578802479937	1	1	1	cellular response to oxygen-containing compound	BP	0.055878044205087	BP cellular response to oxygen-containing compound	group12364
buzzatii cluster	GO:1902652	0.002578802479937	1	1	1	secondary alcohol metabolic process	BP	0.055878044205087	BP secondary alcohol metabolic process	group12364
buzzatii cluster	GO:1902653	0.002578802479937	1	1	1	secondary alcohol biosynthetic process	BP	0.055878044205087	BP secondary alcohol biosynthetic process	group12364
buzzatii cluster	GO:1902679	0.002578802479937	1	1	1	negative regulation of RNA biosynthetic process	BP	0.055878044205087	BP negative regulation of RNA biosynthetic process	group12364
buzzatii cluster	GO:1902680	0.002578802479937	1	1	1	positive regulation of RNA biosynthetic process	BP	0.055878044205087	BP positive regulation of RNA biosynthetic process	group12364
buzzatii cluster	GO:1903507	0.002578802479937	1	1	1	negative regulation of nucleic acid-templated transcription	BP	0.055878044205087	BP negative regulation of nucleic acid-templated transcription	group12364
buzzatii cluster	GO:1903508	0.002578802479937	1	1	1	positive regulation of nucleic acid-templated transcription	BP	0.055878044205087	BP positive regulation of nucleic acid-templated transcription	group12364
buzzatii cluster	GO:1905909	0.002578802479937	1	1	1	regulation of dauer entry	BP	0.055878044205087	BP regulation of dauer entry	group12364
buzzatii cluster	GO:1905952	0.002578802479937	1	1	1	regulation of lipid localization	BP	0.055878044205087	BP regulation of lipid localization	group12364
buzzatii cluster	GO:1905953	0.002578802479937	1	1	1	negative regulation of lipid localization	BP	0.055878044205087	BP negative regulation of lipid localization	group12364
buzzatii cluster	GO:2000113	0.002578802479937	1	1	1	negative regulation of cellular macromolecule biosynthetic process	BP	0.055878044205087	BP negative regulation of cellular macromolecule biosynthetic process	group12364
buzzatii cluster	GO:2000125	0.002578802479937	1	1	1	regulation of octopamine or tyramine signaling pathway	BP	0.055878044205087	BP regulation of octopamine or tyramine signaling pathway	group12364
buzzatii cluster	GO:2000127	0.002578802479937	1	1	1	positive regulation of octopamine or tyramine signaling pathway	BP	0.055878044205087	BP positive regulation of octopamine or tyramine signaling pathway	group12364
buzzatii cluster	GO:2000128	0.002578802479937	1	1	1	regulation of octopamine signaling pathway	BP	0.055878044205087	BP regulation of octopamine signaling pathway	group12364
buzzatii cluster	GO:0006650	0.002583397964816	0.999998538162313	1	2	glycerophospholipid metabolic process	BP	0.055878044205087	BP glycerophospholipid metabolic process	group12269
buzzatii cluster	GO:0019935	0.002748455798694	0.999997794035701	1	3	cyclic-nucleotide-mediated signaling	BP	0.055878044205087	BP cyclic-nucleotide-mediated signaling	group11785
buzzatii cluster	GO:0010927	0.002752202177265	1	1	1	cellular component assembly involved in morphogenesis	BP	0.055878044205087	BP cellular component assembly involved in morphogenesis	group12232
buzzatii cluster	GO:0010959	0.002752202177265	1	1	1	regulation of metal ion transport	BP	0.055878044205087	BP regulation of metal ion transport	group12232
buzzatii cluster	GO:0022607	0.002752202177265	1	1	1	cellular component assembly	BP	0.055878044205087	BP cellular component assembly	group12232
buzzatii cluster	GO:0022898	0.002752202177265	1	1	1	regulation of transmembrane transporter activity	BP	0.055878044205087	BP regulation of transmembrane transporter activity	group12232
buzzatii cluster	GO:0030235	0.002752202177265	1	1	1	nitric-oxide synthase regulator activity	MF	0.055878044205087	MF nitric-oxide synthase regulator activity	group12232
buzzatii cluster	GO:0031399	0.002752202177265	1	1	1	regulation of protein modification process	BP	0.055878044205087	BP regulation of protein modification process	group12232
buzzatii cluster	GO:0031401	0.002752202177265	1	1	1	positive regulation of protein modification process	BP	0.055878044205087	BP positive regulation of protein modification process	group12232
buzzatii cluster	GO:0032268	0.002752202177265	1	1	1	regulation of cellular protein metabolic process	BP	0.055878044205087	BP regulation of cellular protein metabolic process	group12232
buzzatii cluster	GO:0032270	0.002752202177265	1	1	1	positive regulation of cellular protein metabolic process	BP	0.055878044205087	BP positive regulation of cellular protein metabolic process	group12232
buzzatii cluster	GO:0032409	0.002752202177265	1	1	1	regulation of transporter activity	BP	0.055878044205087	BP regulation of transporter activity	group12232
buzzatii cluster	GO:0032412	0.002752202177265	1	1	1	regulation of ion transmembrane transporter activity	BP	0.055878044205087	BP regulation of ion transmembrane transporter activity	group12232
buzzatii cluster	GO:0034762	0.002752202177265	1	1	1	regulation of transmembrane transport	BP	0.055878044205087	BP regulation of transmembrane transport	group12232
buzzatii cluster	GO:0043228	0.002752202177265	1	1	1	non-membrane-bounded organelle	CC	0.055878044205087	CC non-membrane-bounded organelle	group12232
buzzatii cluster	GO:0043232	0.002752202177265	1	1	1	intracellular non-membrane-bounded organelle	CC	0.055878044205087	CC intracellular non-membrane-bounded organelle	group12232
buzzatii cluster	GO:0043269	0.002752202177265	1	1	1	regulation of ion transport	BP	0.055878044205087	BP regulation of ion transport	group12232
buzzatii cluster	GO:0043292	0.002752202177265	1	1	1	contractile fiber	CC	0.055878044205087	CC contractile fiber	group12232
buzzatii cluster	GO:0044085	0.002752202177265	1	1	1	cellular component biogenesis	BP	0.055878044205087	BP cellular component biogenesis	group12232
buzzatii cluster	GO:0044449	0.002752202177265	1	1	1	NA	NA	0.055878044205087	none	group12232
buzzatii cluster	GO:0051246	0.002752202177265	1	1	1	regulation of protein metabolic process	BP	0.055878044205087	BP regulation of protein metabolic process	group12232
buzzatii cluster	GO:0051247	0.002752202177265	1	1	1	positive regulation of protein metabolic process	BP	0.055878044205087	BP positive regulation of protein metabolic process	group12232
buzzatii cluster	GO:0055002	0.002752202177265	1	1	1	striated muscle cell development	BP	0.055878044205087	BP striated muscle cell development	group12232
buzzatii cluster	GO:0060249	0.002752202177265	1	1	1	anatomical structure homeostasis	BP	0.055878044205087	BP anatomical structure homeostasis	group12232
buzzatii cluster	GO:0065009	0.002752202177265	1	1	1	regulation of molecular function	BP	0.055878044205087	BP regulation of molecular function	group12232
buzzatii cluster	GO:0070925	0.002752202177265	1	1	1	organelle assembly	BP	0.055878044205087	BP organelle assembly	group12232
buzzatii cluster	GO:0090665	0.002752202177265	1	1	1	glycoprotein complex	CC	0.055878044205087	CC glycoprotein complex	group12232
buzzatii cluster	GO:0097435	0.002752202177265	1	1	1	supramolecular fiber organization	BP	0.055878044205087	BP supramolecular fiber organization	group12232
buzzatii cluster	GO:0098588	0.002752202177265	1	1	1	bounding membrane of organelle	CC	0.055878044205087	CC bounding membrane of organelle	group12232
buzzatii cluster	GO:0098772	0.002752202177265	1	1	1	molecular function regulator	MF	0.055878044205087	MF molecular function regulator	group12232
buzzatii cluster	GO:0098796	0.002752202177265	1	1	1	membrane protein complex	CC	0.055878044205087	CC membrane protein complex	group12232
buzzatii cluster	GO:0098797	0.002752202177265	1	1	1	plasma membrane protein complex	CC	0.055878044205087	CC plasma membrane protein complex	group12232
buzzatii cluster	GO:0099080	0.002752202177265	1	1	1	supramolecular complex	CC	0.055878044205087	CC supramolecular complex	group12232
buzzatii cluster	GO:0099081	0.002752202177265	1	1	1	supramolecular polymer	CC	0.055878044205087	CC supramolecular polymer	group12232
buzzatii cluster	GO:0099512	0.002752202177265	1	1	1	supramolecular fiber	CC	0.055878044205087	CC supramolecular fiber	group12232
buzzatii cluster	GO:1901019	0.002752202177265	1	1	1	regulation of calcium ion transmembrane transporter activity	BP	0.055878044205087	BP regulation of calcium ion transmembrane transporter activity	group12232
buzzatii cluster	GO:1901385	0.002752202177265	1	1	1	regulation of voltage-gated calcium channel activity	BP	0.055878044205087	BP regulation of voltage-gated calcium channel activity	group12232
buzzatii cluster	GO:1901841	0.002752202177265	1	1	1	regulation of high voltage-gated calcium channel activity	BP	0.055878044205087	BP regulation of high voltage-gated calcium channel activity	group12232
buzzatii cluster	GO:1903169	0.002752202177265	1	1	1	regulation of calcium ion transmembrane transport	BP	0.055878044205087	BP regulation of calcium ion transmembrane transport	group12232
buzzatii cluster	GO:1904062	0.002752202177265	1	1	1	regulation of cation transmembrane transport	BP	0.055878044205087	BP regulation of cation transmembrane transport	group12232
buzzatii cluster	GO:2000170	0.002752202177265	1	1	1	positive regulation of peptidyl-cysteine S-nitrosylation	BP	0.055878044205087	BP positive regulation of peptidyl-cysteine S-nitrosylation	group12232
buzzatii cluster	GO:2000241	0.002752202177265	1	1	1	regulation of reproductive process	BP	0.055878044205087	BP regulation of reproductive process	group12232
buzzatii cluster	GO:2001257	0.002752202177265	1	1	1	regulation of cation channel activity	BP	0.055878044205087	BP regulation of cation channel activity	group12232
buzzatii cluster	GO:0003841	0.00286778893564	0.999998198308129	1	2	1-acylglycerol-3-phosphate O-acyltransferase activity	MF	0.056313140574668	MF 1-acylglycerol-3-phosphate O-acyltransferase activity	group12269
buzzatii cluster	GO:0003002	0.002927722980126	1	1	1	regionalization	BP	0.056313140574668	BP regionalization	group12225
buzzatii cluster	GO:0007178	0.002927722980126	1	1	1	transmembrane receptor protein serine/threonine kinase signaling pathway	BP	0.056313140574668	BP transmembrane receptor protein serine/threonine kinase signaling pathway	group12225
buzzatii cluster	GO:0008101	0.002927722980126	1	1	1	NA	NA	0.056313140574668	none	group12225
buzzatii cluster	GO:0009790	0.002927722980126	1	1	1	embryo development	BP	0.056313140574668	BP embryo development	group12225
buzzatii cluster	GO:0009886	0.002927722980126	1	1	1	post-embryonic animal morphogenesis	BP	0.056313140574668	BP post-embryonic animal morphogenesis	group12225
buzzatii cluster	GO:0010160	0.002927722980126	1	1	1	formation of animal organ boundary	BP	0.056313140574668	BP formation of animal organ boundary	group12225
buzzatii cluster	GO:0021700	0.002927722980126	1	1	1	developmental maturation	BP	0.056313140574668	BP developmental maturation	group12225
buzzatii cluster	GO:0022404	0.002927722980126	1	1	1	molting cycle process	BP	0.056313140574668	BP molting cycle process	group12225
buzzatii cluster	GO:0042303	0.002927722980126	1	1	1	molting cycle	BP	0.056313140574668	BP molting cycle	group12225
buzzatii cluster	GO:0043473	0.002927722980126	1	1	1	pigmentation	BP	0.056313140574668	BP pigmentation	group12225
buzzatii cluster	GO:0048563	0.002927722980126	1	1	1	post-embryonic animal organ morphogenesis	BP	0.056313140574668	BP post-embryonic animal organ morphogenesis	group12225
buzzatii cluster	GO:0048569	0.002927722980126	1	1	1	post-embryonic animal organ development	BP	0.056313140574668	BP post-embryonic animal organ development	group12225
buzzatii cluster	GO:0048645	0.002927722980126	1	1	1	animal organ formation	BP	0.056313140574668	BP animal organ formation	group12225
buzzatii cluster	GO:0048707	0.002927722980126	1	1	1	instar larval or pupal morphogenesis	BP	0.056313140574668	BP instar larval or pupal morphogenesis	group12225
buzzatii cluster	GO:0048729	0.002927722980126	1	1	1	tissue morphogenesis	BP	0.056313140574668	BP tissue morphogenesis	group12225
buzzatii cluster	GO:0048859	0.002927722980126	1	1	1	formation of anatomical boundary	BP	0.056313140574668	BP formation of anatomical boundary	group12225
buzzatii cluster	GO:0090100	0.002927722980126	1	1	1	positive regulation of transmembrane receptor protein serine/threonine kinase signaling pathway	BP	0.056313140574668	BP positive regulation of transmembrane receptor protein serine/threonine kinase signaling pathway	group12225
buzzatii cluster	GO:0090287	0.002927722980126	1	1	1	regulation of cellular response to growth factor stimulus	BP	0.056313140574668	BP regulation of cellular response to growth factor stimulus	group12225
buzzatii cluster	GO:0097485	0.002927722980126	1	1	1	neuron projection guidance	BP	0.056313140574668	BP neuron projection guidance	group12225
buzzatii cluster	GO:0098728	0.002927722980126	1	1	1	germline stem cell asymmetric division	BP	0.056313140574668	BP germline stem cell asymmetric division	group12225
buzzatii cluster	GO:2001260	0.002927722980126	1	1	1	regulation of semaphorin-plexin signaling pathway	BP	0.056313140574668	BP regulation of semaphorin-plexin signaling pathway	group12225
buzzatii cluster	GO:0046337	0.002955426421882	0.99999808641433	1	2	phosphatidylethanolamine metabolic process	BP	0.056710330386477	BP phosphatidylethanolamine metabolic process	group12269
buzzatii cluster	GO:0010286	0.003094826093911	0.999997901474549	1	2	heat acclimation	BP	0.058612735193815	BP heat acclimation	group12364
buzzatii cluster	GO:0045787	0.003094826093918	0.999997901474549	1	2	positive regulation of cell cycle	BP	0.058612735193815	BP positive regulation of cell cycle	group12364
buzzatii cluster	GO:0016125	0.003094826093918	0.999997901474549	1	2	sterol metabolic process	BP	0.058612735193815	BP sterol metabolic process	group12364
buzzatii cluster	GO:0055115	0.003094836251115	0.999997901460763	1	2	entry into diapause	BP	0.058612735193815	BP entry into diapause	group12364
buzzatii cluster	GO:1904396	0.003095155962029	0.999997901026784	1	2	regulation of neuromuscular junction development	BP	0.058612735193815	BP regulation of neuromuscular junction development	group12364
buzzatii cluster	GO:0022611	0.003098310007136	0.999997896743047	1	2	dormancy process	BP	0.058612735193815	BP dormancy process	group12364
buzzatii cluster	GO:0004935	0.003117279151205	0.999997161737088	1	3	adrenergic receptor activity	MF	0.058833155811466	MF adrenergic receptor activity	group11785
buzzatii cluster	GO:0045834	0.003142253382513	0.999997836605309	1	2	positive regulation of lipid metabolic process	BP	0.059165614040765	BP positive regulation of lipid metabolic process	group12364
buzzatii cluster	GO:0048232	0.003176442850393	0.999997052890976	1	3	male gamete generation	BP	0.05966962737654	BP male gamete generation	group12269
buzzatii cluster	GO:0016241	0.003236251619581	0.999997705114954	1	2	regulation of macroautophagy	BP	0.060230238475541	BP regulation of macroautophagy	group12364
buzzatii cluster	GO:0070345	0.003236251619581	0.999997705114954	1	2	negative regulation of fat cell proliferation	BP	0.060230238475541	BP negative regulation of fat cell proliferation	group12364
buzzatii cluster	GO:0071158	0.003236251619581	0.999997705114954	1	2	NA	NA	0.060230238475541	none	group12364
buzzatii cluster	GO:2000130	0.003236251619581	0.999997705114954	1	2	positive regulation of octopamine signaling pathway	BP	0.060230238475541	BP positive regulation of octopamine signaling pathway	group12364
buzzatii cluster	GO:0040017	0.003268147293309	0.999997659614336	1	2	positive regulation of locomotion	BP	0.060543558152764	BP positive regulation of locomotion	group12232
buzzatii cluster	GO:0016528	0.003268147293321	0.999997659614336	1	2	sarcoplasm	CC	0.060543558152764	CC sarcoplasm	group12232
buzzatii cluster	GO:0055120	0.003312786526127	0.999997595183069	1	2	striated muscle dense body	CC	0.061229433724272	CC striated muscle dense body	group12232
buzzatii cluster	GO:1901214	0.003352943757424	0.999997536472066	1	2	regulation of neuron death	BP	0.061829513324972	BP regulation of neuron death	group12232
buzzatii cluster	GO:0019725	0.003362193746375	0.999997522847797	1	2	cellular homeostasis	BP	0.061858209887534	BP cellular homeostasis	group12232
buzzatii cluster	GO:0050998	0.003389619423144	0.999997482231382	1	2	nitric-oxide synthase binding	MF	0.061921044419907	MF nitric-oxide synthase binding	group12232
buzzatii cluster	GO:0016200	0.003392497833635	0.999996218129059	1	4	synaptic target attraction	BP	0.061921044419907	BP synaptic target attraction	group12222
buzzatii cluster	GO:0090068	0.003394202778464	0.99999747541133	1	2	positive regulation of cell cycle process	BP	0.061921044419907	BP positive regulation of cell cycle process	group12364
buzzatii cluster	GO:1900424	0.003396415496167	0.999997472115489	1	2	regulation of defense response to bacterium	BP	0.061921044419907	BP regulation of defense response to bacterium	group12364
buzzatii cluster	GO:0043620	0.003443584957736	0.999997401344203	1	2	regulation of DNA-templated transcription in response to stress	BP	0.062280966491673	BP regulation of DNA-templated transcription in response to stress	group12364
buzzatii cluster	GO:0007365	0.003443588636294	0.999997401338646	1	2	periodic partitioning	BP	0.062280966491673	BP periodic partitioning	group12225
buzzatii cluster	GO:0048736	0.003444310641987	0.999997400247768	1	2	appendage development	BP	0.062280966491673	BP appendage development	group12225
buzzatii cluster	GO:0035107	0.00344714304587	0.999997395966075	1	2	appendage morphogenesis	BP	0.062280966491673	BP appendage morphogenesis	group12225
buzzatii cluster	GO:0050778	0.003519495991811	0.99999728539466	1	2	positive regulation of immune response	BP	0.06344562281202	BP positive regulation of immune response	group12364
buzzatii cluster	GO:2001261	0.003580526095228	0.999997190336008	1	2	negative regulation of semaphorin-plexin signaling pathway	BP	0.064266915008128	BP negative regulation of semaphorin-plexin signaling pathway	group12225
buzzatii cluster	GO:0048592	0.003610616137661	0.999996191348212	1	3	eye morphogenesis	BP	0.064266915008128	BP eye morphogenesis	group12364
buzzatii cluster	GO:0051963	0.003610616137675	0.999996191348212	1	3	regulation of synapse assembly	BP	0.064266915008128	BP regulation of synapse assembly	group12364
buzzatii cluster	GO:0098542	0.003610648796805	0.999996191279249	1	3	defense response to other organism	BP	0.064266915008128	BP defense response to other organism	group12364
buzzatii cluster	GO:0009725	0.003611220588231	0.999996190071744	1	3	response to hormone	BP	0.064266915008128	BP response to hormone	group12364
buzzatii cluster	GO:0007211	0.00361301561986	0.999995710049971	1	4	octopamine or tyramine signaling pathway	BP	0.064266915008128	BP octopamine or tyramine signaling pathway	group11785
buzzatii cluster	GO:0035295	0.003627238480323	0.99999711647074	1	2	tube development	BP	0.064377477664009	BP tube development	group12225
buzzatii cluster	GO:0030424	0.003651679207141	0.999915476586929	2	116	axon	CC	0.064668504020742	CC axon	group12222, group12232
buzzatii cluster	GO:1990928	0.003692734003021	0.999996015970348	1	3	response to amino acid starvation	BP	0.065160815689731	BP response to amino acid starvation	group12364
buzzatii cluster	GO:0055001	0.003695688054044	0.999997006498201	1	2	muscle cell development	BP	0.065160815689731	BP muscle cell development	group12232
buzzatii cluster	GO:0008277	0.003726356224877	0.999995943022761	1	3	regulation of G protein-coupled receptor signaling pathway	BP	0.065549025795632	BP regulation of G protein-coupled receptor signaling pathway	group12364
buzzatii cluster	GO:0048639	0.003734011668458	0.999995926320656	1	3	positive regulation of developmental growth	BP	0.065549025795632	BP positive regulation of developmental growth	group12364
buzzatii cluster	GO:0030427	0.003787888126837	0.999995284339397	1	4	site of polarized growth	CC	0.066349935816485	CC site of polarized growth	group12222
buzzatii cluster	GO:0051924	0.003812406216155	0.999996814219534	1	2	regulation of calcium ion transport	BP	0.066634230386716	BP regulation of calcium ion transport	group12232
buzzatii cluster	GO:0031090	0.003826755400251	0.999996790167055	1	2	organelle membrane	CC	0.066739942338434	CC organelle membrane	group12232
buzzatii cluster	GO:0010467	0.003849564967516	0.999995670039148	1	3	gene expression	BP	0.066992429304828	BP gene expression	group12364
buzzatii cluster	GO:0006807	0.003888475022487	0.999995581979122	1	3	nitrogen compound metabolic process	BP	0.067523410757664	BP nitrogen compound metabolic process	group12364
buzzatii cluster	GO:0007292	0.00391703629385	0.999996636756322	1	2	female gamete generation	BP	0.067872784057222	BP female gamete generation	group12225
buzzatii cluster	GO:0090207	0.003927019731905	0.999996619571484	1	2	regulation of triglyceride metabolic process	BP	0.067899437945203	BP regulation of triglyceride metabolic process	group12364
buzzatii cluster	GO:0060562	0.003959220783533	0.99999541959389	1	3	epithelial tube morphogenesis	BP	0.068163030191975	BP epithelial tube morphogenesis	group12225
buzzatii cluster	GO:0098722	0.003959220783539	0.99999541959389	1	3	asymmetric stem cell division	BP	0.068163030191975	BP asymmetric stem cell division	group12225
buzzatii cluster	GO:0042445	0.00401022454355	0.999996474640919	1	2	hormone metabolic process	BP	0.068893601132783	BP hormone metabolic process	group12364
buzzatii cluster	GO:2000169	0.00405801337469	0.999996390021322	1	2	regulation of peptidyl-cysteine S-nitrosylation	BP	0.069565943566122	BP regulation of peptidyl-cysteine S-nitrosylation	group12232
buzzatii cluster	GO:0010564	0.004096803709706	0.999995095386128	1	3	regulation of cell cycle process	BP	0.070081493246892	BP regulation of cell cycle process	group12364
buzzatii cluster	GO:0060259	0.004106723863393	0.999995071580419	1	3	regulation of feeding behavior	BP	0.070102037922887	BP regulation of feeding behavior	group12364
buzzatii cluster	GO:0050806	0.004128580124016	0.999994397017741	1	4	positive regulation of synaptic transmission	BP	0.070325813976891	BP positive regulation of synaptic transmission	group12364
buzzatii cluster	GO:0009314	0.004158421951717	0.999994315647318	1	4	response to radiation	BP	0.070684381589435	BP response to radiation	group12364
buzzatii cluster	GO:0048737	0.004201763789518	0.999994840582878	1	3	imaginal disc-derived appendage development	BP	0.071270423771566	BP imaginal disc-derived appendage development	group12225
buzzatii cluster	GO:0035120	0.004219561081774	0.999996096521109	1	2	post-embryonic appendage morphogenesis	BP	0.071282564340738	BP post-embryonic appendage morphogenesis	group12225
buzzatii cluster	GO:1904398	0.004220211520671	0.999994795130699	1	3	positive regulation of neuromuscular junction development	BP	0.071282564340738	BP positive regulation of neuromuscular junction development	group12364
buzzatii cluster	GO:0060537	0.004261259980751	0.999994693277283	1	3	muscle tissue development	BP	0.071825010996299	BP muscle tissue development	group12364
buzzatii cluster	GO:0017151	0.004293139966086	0.999993940992188	1	4	DEAD/H-box RNA helicase binding	MF	0.072192568408175	MF DEAD/H-box RNA helicase binding	group12364
buzzatii cluster	GO:0016529	0.004312096434842	0.999993887312161	1	4	sarcoplasmic reticulum	CC	0.072192568408175	CC sarcoplasmic reticulum	group12232
buzzatii cluster	GO:0005789	0.004321576051533	0.999891431642054	2	85	endoplasmic reticulum membrane	CC	0.072192568408175	CC endoplasmic reticulum membrane	group12269, group12232
buzzatii cluster	GO:0042171	0.004332333026706	0.999994514585089	1	3	lysophosphatidic acid acyltransferase activity	MF	0.072192568408175	MF lysophosphatidic acid acyltransferase activity	group12269
buzzatii cluster	GO:0033017	0.004334353124661	0.999993823983956	1	4	sarcoplasmic reticulum membrane	CC	0.072192568408175	CC sarcoplasmic reticulum membrane	group12232
buzzatii cluster	GO:0003700	0.004336941609596	0.999890309020595	2	118	DNA-binding transcription factor activity	MF	0.072192568408175	MF DNA-binding transcription factor activity	group12377, group12364
buzzatii cluster	GO:0035114	0.004389110103395	0.999995776117908	1	2	imaginal disc-derived appendage morphogenesis	BP	0.072910010808459	BP imaginal disc-derived appendage morphogenesis	group12225
buzzatii cluster	GO:0045455	0.004405712104332	0.999993618737117	1	4	ecdysteroid metabolic process	BP	0.073034897564597	BP ecdysteroid metabolic process	group12364
buzzatii cluster	GO:0006091	0.004496372309665	0.999993353125888	1	4	generation of precursor metabolites and energy	BP	0.074384430801862	BP generation of precursor metabolites and energy	group12364
buzzatii cluster	GO:0008202	0.004565867761749	0.999995428604223	1	2	steroid metabolic process	BP	0.075379007812038	BP steroid metabolic process	group12364
buzzatii cluster	GO:0016010	0.004611863689568	0.999993006904813	1	4	dystrophin-associated glycoprotein complex	CC	0.075982344393697	CC dystrophin-associated glycoprotein complex	group12232
buzzatii cluster	GO:0008038	0.004658770442269	0.999992388689789	1	5	neuron recognition	BP	0.076581218333694	BP neuron recognition	group12222
buzzatii cluster	GO:0045745	0.004673086307406	0.999995211096849	1	2	positive regulation of G protein-coupled receptor signaling pathway	BP	0.076581218333694	BP positive regulation of G protein-coupled receptor signaling pathway	group12364
buzzatii cluster	GO:0030111	0.004676788333563	0.999993606534967	1	3	regulation of Wnt signaling pathway	BP	0.076581218333694	BP regulation of Wnt signaling pathway	group12225
buzzatii cluster	GO:0007187	0.004728158542814	0.999991833847037	1	6	G protein-coupled receptor signaling pathway, coupled to cyclic nucleotide second messenger	BP	0.077265029845982	BP G protein-coupled receptor signaling pathway, coupled to cyclic nucleotide second messenger	group11785
buzzatii cluster	GO:0071889	0.004768466407859	0.999992523368774	1	4	14-3-3 protein binding	MF	0.077748031273495	MF 14-3-3 protein binding	group12364
buzzatii cluster	GO:0032504	0.004782595074031	0.999873846689857	2	71	multicellular organism reproduction	BP	0.077748031273495	BP multicellular organism reproduction	group12269, group12225
buzzatii cluster	GO:0007568	0.004786725806017	0.999992465935444	1	4	aging	BP	0.077748031273495	BP aging	group12364
buzzatii cluster	GO:0019933	0.004817189720139	0.999991523083094	1	6	cAMP-mediated signaling	BP	0.078085091431291	BP cAMP-mediated signaling	group11785
buzzatii cluster	GO:0007447	0.004835627460905	0.999992311034782	1	4	imaginal disc pattern formation	BP	0.07822520463562	BP imaginal disc pattern formation	group12225
buzzatii cluster	GO:0051965	0.004851383884818	0.999991745593404	1	5	positive regulation of synapse assembly	BP	0.07822520463562	BP positive regulation of synapse assembly	group12364
buzzatii cluster	GO:0010033	0.004855022029002	0.999994830417536	1	2	response to organic substance	BP	0.07822520463562	BP response to organic substance	group12364
buzzatii cluster	GO:0031669	0.004881477544875	0.999993033926333	1	3	cellular response to nutrient levels	BP	0.078494158921596	BP cellular response to nutrient levels	group12364
buzzatii cluster	GO:0006796	0.004996417267186	0.999992701595612	1	3	phosphate-containing compound metabolic process	BP	0.080182025605144	BP phosphate-containing compound metabolic process	group12269
buzzatii cluster	GO:0008654	0.005046358800322	0.999991067992699	1	5	phospholipid biosynthetic process	BP	0.080822160865714	BP phospholipid biosynthetic process	group12269
buzzatii cluster	GO:0047184	0.005057397584777	0.999991588726963	1	4	1-acylglycerophosphocholine O-acyltransferase activity	MF	0.080837925609559	MF 1-acylglycerophosphocholine O-acyltransferase activity	group12269
buzzatii cluster	GO:0040012	0.005106917012817	0.999990852081271	1	5	regulation of locomotion	BP	0.081467485680646	BP regulation of locomotion	group12232
buzzatii cluster	GO:0008205	0.005187691538236	0.999992131345005	1	3	ecdysone metabolic process	BP	0.082592158351314	BP ecdysone metabolic process	group12364
buzzatii cluster	GO:0007478	0.005199283191759	0.9999905177858	1	5	leg disc morphogenesis	BP	0.082613116327552	BP leg disc morphogenesis	group12225
buzzatii cluster	GO:0071617	0.005229819186043	0.999990405946099	1	5	lysophospholipid acyltransferase activity	MF	0.082934410760911	MF lysophospholipid acyltransferase activity	group12269
buzzatii cluster	GO:0008013	0.005298749484201	0.99998974137785	1	6	beta-catenin binding	MF	0.083862098135786	MF beta-catenin binding	group12364
buzzatii cluster	GO:0051049	0.005353751382543	0.999991618826829	1	3	regulation of transport	BP	0.084566131857849	BP regulation of transport	group12232
buzzatii cluster	GO:0060429	0.005374872523453	0.999990498137252	1	4	epithelium development	BP	0.084733284487378	BP epithelium development	group12225
buzzatii cluster	GO:0034765	0.005422016847664	0.999990330505364	1	4	regulation of ion transmembrane transport	BP	0.085309227896708	BP regulation of ion transmembrane transport	group12232
buzzatii cluster	GO:0051960	0.005437275042697	0.999989628725908	1	5	regulation of nervous system development	BP	0.085382209654848	BP regulation of nervous system development	group12364
buzzatii cluster	GO:0043068	0.005456081793034	0.999989556767614	1	5	positive regulation of programmed cell death	BP	0.085510521668602	BP positive regulation of programmed cell death	group12364
buzzatii cluster	GO:0004989	0.005553287601332	0.999988409450912	1	7	octopamine receptor activity	MF	0.086864654308767	MF octopamine receptor activity	group11785
buzzatii cluster	GO:0017145	0.00564040081437	0.999990695975445	1	3	stem cell division	BP	0.088055966111715	BP stem cell division	group12225
buzzatii cluster	GO:0008593	0.005683049161319	0.999988668678537	1	5	regulation of Notch signaling pathway	BP	0.088549835769384	BP regulation of Notch signaling pathway	group12364
buzzatii cluster	GO:0003676	0.005743939990879	0.99983195300518	2	124	nucleic acid binding	MF	0.08932548844617	MF nucleic acid binding	group12377, group12364
buzzatii cluster	GO:0046626	0.005758532894517	0.999990301593585	1	3	regulation of insulin receptor signaling pathway	BP	0.089379545312586	BP regulation of insulin receptor signaling pathway	group12364
buzzatii cluster	GO:0006066	0.005820145622704	0.999990092642966	1	3	alcohol metabolic process	BP	0.089989219606502	BP alcohol metabolic process	group12364
buzzatii cluster	GO:0030029	0.005820198283008	0.999988114424606	1	5	actin filament-based process	BP	0.089989219606502	BP actin filament-based process	group12232
buzzatii cluster	GO:0046662	0.005889492571244	0.99998858874607	1	4	regulation of oviposition	BP	0.090885835456429	BP regulation of oviposition	group12232
buzzatii cluster	GO:0035239	0.005985788853543	0.999987427549409	1	5	tube morphogenesis	BP	0.092038113208746	BP tube morphogenesis	group12225
buzzatii cluster	GO:0046890	0.005987056369176	0.999989515367574	1	3	regulation of lipid biosynthetic process	BP	0.092038113208746	BP regulation of lipid biosynthetic process	group12364
buzzatii cluster	GO:0010259	0.006030114089556	0.999987240404412	1	5	multicellular organism aging	BP	0.092502660598916	BP multicellular organism aging	group12364
buzzatii cluster	GO:0030258	0.006043322909859	0.999986651394012	1	6	lipid modification	BP	0.092502660598916	BP lipid modification	group12269
buzzatii cluster	GO:0005977	0.006051790979481	0.999986232195444	1	7	glycogen metabolic process	BP	0.092502660598916	BP glycogen metabolic process	group12364
buzzatii cluster	GO:0030165	0.006072277513871	0.999987868396452	1	4	PDZ domain binding	MF	0.092639679718257	MF PDZ domain binding	group12232
buzzatii cluster	GO:0010898	0.006156025724096	0.999986701231689	1	5	positive regulation of triglyceride catabolic process	BP	0.093739482616923	BP positive regulation of triglyceride catabolic process	group12364
buzzatii cluster	GO:0031674	0.00646755192427	0.999985319137267	1	5	I band	CC	0.098297008452037	CC I band	group12232
buzzatii cluster	GO:0006694	0.006512709829317	0.999986041828862	1	4	steroid biosynthetic process	BP	0.09879657929757	BP steroid biosynthetic process	group12364
buzzatii cluster	GO:0043067	0.006578591227667	0.999983727242426	1	7	regulation of programmed cell death	BP	0.099608047966941	BP regulation of programmed cell death	group12364
buzzatii cluster	GO:0006952	0.00659895467063	0.999984715620148	1	5	defense response	BP	0.09972856306741	BP defense response	group12364
buzzatii cluster	GO:0030510	0.006634989647314	0.999985511928745	1	4	regulation of BMP signaling pathway	BP	0.100085022072051	BP regulation of BMP signaling pathway	group12225
buzzatii cluster	GO:0016126	0.006701802781014	0.999984234744417	1	5	sterol biosynthetic process	BP	0.100903547489429	BP sterol biosynthetic process	group12364
buzzatii cluster	GO:0035282	0.00682080439068	0.999982505084824	1	7	segmentation	BP	0.102423221312151	BP segmentation	group12225
buzzatii cluster	GO:0048085	0.006828214754143	0.999982952979475	1	6	adult chitin-containing cuticle pigmentation	BP	0.102423221312151	BP adult chitin-containing cuticle pigmentation	group12225
buzzatii cluster	GO:1900075	0.00699037055699	0.999981623078273	1	7	positive regulation of neuromuscular synaptic transmission	BP	0.104660296607444	BP positive regulation of neuromuscular synaptic transmission	group12364
buzzatii cluster	GO:0006139	0.007132032949023	0.999981399747476	1	6	nucleobase-containing compound metabolic process	BP	0.106535105189201	BP nucleobase-containing compound metabolic process	group12364
buzzatii cluster	GO:0044255	0.007143149164369	0.999980809760779	1	7	cellular lipid metabolic process	BP	0.106535105189201	BP cellular lipid metabolic process	group12269
buzzatii cluster	GO:0010942	0.007155342885842	0.999983146215377	1	4	positive regulation of cell death	BP	0.106535105189201	BP positive regulation of cell death	group12364
buzzatii cluster	GO:0008374	0.00722226218518	0.999980925380123	1	6	O-acyltransferase activity	MF	0.107268956451009	MF O-acyltransferase activity	group12269
buzzatii cluster	GO:0044295	0.007231315223439	0.999979143340769	1	11	axonal growth cone	CC	0.107268956451009	CC axonal growth cone	group12222
buzzatii cluster	GO:0048870	0.007437273056316	0.999979770836991	1	6	cell motility	BP	0.110120949121138	BP cell motility	group12269
buzzatii cluster	GO:0007389	0.007493900311758	0.999978875696365	1	7	pattern specification process	BP	0.110755438431128	BP pattern specification process	group12225
buzzatii cluster	GO:0016070	0.007577426018301	0.99998319196259	1	3	RNA metabolic process	BP	0.111784413187418	BP RNA metabolic process	group12364
buzzatii cluster	GO:1990381	0.007635178823383	0.99998080566031	1	4	ubiquitin-specific protease binding	MF	0.112430105750913	MF ubiquitin-specific protease binding	group12364
buzzatii cluster	GO:0050777	0.007663034030727	0.999980665098633	1	4	negative regulation of immune response	BP	0.112596603089778	BP negative regulation of immune response	group11785
buzzatii cluster	GO:0032868	0.007674494837462	0.999979317243793	1	5	response to insulin	BP	0.112596603089778	BP response to insulin	group12364
buzzatii cluster	GO:0050807	0.007777787130612	0.999977242119484	1	7	regulation of synapse organization	BP	0.113655233317929	BP regulation of synapse organization	group12364
buzzatii cluster	GO:0030017	0.007780641479915	0.999977225384696	1	7	sarcomere	CC	0.113655233317929	CC sarcomere	group12232
buzzatii cluster	GO:0060828	0.007797386076429	0.999978648369541	1	5	regulation of canonical Wnt signaling pathway	BP	0.113655233317929	BP regulation of canonical Wnt signaling pathway	group12225
buzzatii cluster	GO:0033613	0.00780319512332	0.999976616933459	1	8	NA	NA	0.113655233317929	none	group12364
buzzatii cluster	GO:0006351	0.007904648521216	0.99997562403421	1	9	transcription, DNA-templated	BP	0.114924727143901	BP transcription, DNA-templated	group12364
buzzatii cluster	GO:0007450	0.007933426516448	0.999976320613489	1	7	dorsal/ventral pattern formation, imaginal disc	BP	0.115134926339793	BP dorsal/ventral pattern formation, imaginal disc	group12225
buzzatii cluster	GO:0009411	0.008001692152665	0.999976578107817	1	6	response to UV	BP	0.115916405238606	BP response to UV	group12364
buzzatii cluster	GO:0007560	0.008020317259947	0.999974591366209	1	10	imaginal disc morphogenesis	BP	0.115977249586281	BP imaginal disc morphogenesis	group12225
buzzatii cluster	GO:0009266	0.008066254735488	0.999975519652928	1	7	response to temperature stimulus	BP	0.11643211503289	BP response to temperature stimulus	group12364
buzzatii cluster	GO:0030016	0.008451851939521	0.999974906260488	1	5	myofibril	CC	0.121480403696972	CC myofibril	group12232
buzzatii cluster	GO:1901215	0.008460401036004	0.999971436485014	1	11	negative regulation of neuron death	BP	0.121480403696972	BP negative regulation of neuron death	group12232
buzzatii cluster	GO:0071880	0.008469126819881	0.99997166283708	1	10	adenylate cyclase-activating adrenergic receptor signaling pathway	BP	0.121480403696972	BP adenylate cyclase-activating adrenergic receptor signaling pathway	group11785
buzzatii cluster	GO:0006646	0.008485454725442	0.999972904171548	1	7	phosphatidylethanolamine biosynthetic process	BP	0.121480403696972	BP phosphatidylethanolamine biosynthetic process	group12269
buzzatii cluster	GO:0030177	0.00849154065643	0.999972301492205	1	8	positive regulation of Wnt signaling pathway	BP	0.121480403696972	BP positive regulation of Wnt signaling pathway	group12225
buzzatii cluster	GO:0001578	0.008529955463458	0.999971607472817	1	9	microtubule bundle formation	BP	0.121671540647628	BP microtubule bundle formation	group12364
buzzatii cluster	GO:0008052	0.008547096710458	0.99997326994927	1	6	sensory organ boundary specification	BP	0.121671540647628	BP sensory organ boundary specification	group12225
buzzatii cluster	GO:0045570	0.008550301052974	0.999971116053099	1	10	regulation of imaginal disc growth	BP	0.121671540647628	BP regulation of imaginal disc growth	group12225
buzzatii cluster	GO:0019216	0.008754348305354	0.999971955363557	1	6	regulation of lipid metabolic process	BP	0.124355053666159	BP regulation of lipid metabolic process	group12364
buzzatii cluster	GO:0048515	0.008790037598233	0.999969846387913	1	9	spermatid differentiation	BP	0.12464180298024	BP spermatid differentiation	group12269
buzzatii cluster	GO:0034605	0.008909288604253	0.999968635057699	1	10	cellular response to heat	BP	0.12611035277851	BP cellular response to heat	group12364
buzzatii cluster	GO:0033500	0.009023266890979	0.99996871695453	1	8	carbohydrate homeostasis	BP	0.127499236912955	BP carbohydrate homeostasis	group12364
buzzatii cluster	GO:0050790	0.009215960258335	0.999970153521487	1	5	regulation of catalytic activity	BP	0.129993544696519	BP regulation of catalytic activity	group12232
buzzatii cluster	GO:2000253	0.009285217799829	0.999966346343798	1	9	positive regulation of feeding behavior	BP	0.130741070246278	BP positive regulation of feeding behavior	group12364
buzzatii cluster	GO:0007622	0.009351387380281	0.999965864032787	1	9	rhythmic behavior	BP	0.131442577862693	BP rhythmic behavior	group12364
buzzatii cluster	GO:0002164	0.009393639692676	0.999965554252787	1	9	larval development	BP	0.131588999644702	BP larval development	group12364
buzzatii cluster	GO:0051301	0.009394538034336	0.999966084302746	1	8	cell division	BP	0.131588999644702	BP cell division	group12225
buzzatii cluster	GO:0007593	0.009463436791571	0.999968525533743	1	5	chitin-based cuticle sclerotization	BP	0.132323533572571	BP chitin-based cuticle sclerotization	group12225
buzzatii cluster	GO:0048512	0.009522025212233	0.999964604352844	1	9	circadian behavior	BP	0.132911601920752	BP circadian behavior	group12364
buzzatii cluster	GO:0044877	0.009630872630625	0.999964352853895	1	8	protein-containing complex binding	MF	0.134058327478973	MF protein-containing complex binding	group11785
buzzatii cluster	GO:0048640	0.009637529962818	0.999965998148002	1	6	negative regulation of developmental growth	BP	0.134058327478973	BP negative regulation of developmental growth	group12364
buzzatii cluster	GO:0002009	0.009654200449045	0.999962788614314	1	11	morphogenesis of an epithelium	BP	0.134058327478973	BP morphogenesis of an epithelium	group12225
buzzatii cluster	GO:0010888	0.009740499775953	0.999962496584675	1	10	negative regulation of lipid storage	BP	0.135023479652862	BP negative regulation of lipid storage	group12364
buzzatii cluster	GO:0048066	0.009817844487723	0.999962366258221	1	9	developmental pigmentation	BP	0.135861393599469	BP developmental pigmentation	group12225
buzzatii cluster	GO:0006697	0.009865206239293	0.99996152814095	1	10	ecdysone biosynthetic process	BP	0.136236793800118	BP ecdysone biosynthetic process	group12364
buzzatii cluster	GO:0007017	0.009878862037994	0.99996569509675	1	5	microtubule-based process	BP	0.136236793800118	BP microtubule-based process	group12364
buzzatii cluster	GO:0045927	0.009924098449303	0.999961545550895	1	9	positive regulation of growth	BP	0.136626286870536	BP positive regulation of growth	group12364
buzzatii cluster	GO:0045926	0.009962399256573	0.999960764765247	1	10	negative regulation of growth	BP	0.13691912824418	BP negative regulation of growth	group12364
buzzatii cluster	GO:0031032	0.010023690995561	0.999960279494341	1	10	actomyosin structure organization	BP	0.137526408881069	BP actomyosin structure organization	group12232
buzzatii cluster	GO:0007009	0.010070153791213	0.999958885276085	1	13	plasma membrane organization	BP	0.13792851189327	BP plasma membrane organization	group12269
buzzatii cluster	GO:0030426	0.010269764953744	0.999957531613443	1	12	growth cone	CC	0.140423316714452	CC growth cone	group12222
buzzatii cluster	GO:0005886	0.01030758791102	0.999183505128978	3	535	plasma membrane	CC	0.140500181730135	CC plasma membrane	group12222, group11785, group12232
buzzatii cluster	GO:0048067	0.010310336719002	0.999959964999343	1	7	cuticle pigmentation	BP	0.140500181730135	BP cuticle pigmentation	group12225
buzzatii cluster	GO:0007591	0.010425314956973	0.99995659302024	1	11	molting cycle, chitin-based cuticle	BP	0.14182661971923	BP molting cycle, chitin-based cuticle	group12225
buzzatii cluster	GO:0016746	0.010496585989349	0.999956434680642	1	10	acyltransferase activity	MF	0.142554985395889	MF acyltransferase activity	group12269
buzzatii cluster	GO:0050804	0.010880759977372	0.99995169918058	1	14	modulation of chemical synaptic transmission	BP	0.147339775211796	BP modulation of chemical synaptic transmission	group12364
buzzatii cluster	GO:0034198	0.010898077212428	0.999952163851574	1	12	cellular response to amino acid starvation	BP	0.147339775211796	BP cellular response to amino acid starvation	group12364
buzzatii cluster	GO:0035218	0.01090387639938	0.999953558640821	1	9	leg disc development	BP	0.147339775211796	BP leg disc development	group12225
buzzatii cluster	GO:0007188	0.011002643378468	0.999952122640231	1	10	adenylate cyclase-modulating G protein-coupled receptor signaling pathway	BP	0.14842492074309	BP adenylate cyclase-modulating G protein-coupled receptor signaling pathway	group11785
buzzatii cluster	GO:0030308	0.011165111883559	0.99994978539094	1	12	negative regulation of cell growth	BP	0.150364320843912	BP negative regulation of cell growth	group12364
buzzatii cluster	GO:0050803	0.011194534592863	0.999948605572084	1	15	regulation of synapse structure or activity	BP	0.150508458405712	BP regulation of synapse structure or activity	group12364
buzzatii cluster	GO:0040015	0.011235306391824	0.999948796350584	1	13	negative regulation of multicellular organism growth	BP	0.150804446394429	BP negative regulation of multicellular organism growth	group12364
buzzatii cluster	GO:0001558	0.011273171661495	0.999949733666412	1	10	regulation of cell growth	BP	0.151060500264029	BP regulation of cell growth	group12364
buzzatii cluster	GO:0008307	0.011320254948259	0.999948801899557	1	11	structural constituent of muscle	MF	0.151439017943437	MF structural constituent of muscle	group12232
buzzatii cluster	GO:0042078	0.011364504813826	0.999947298600313	1	14	germ-line stem cell division	BP	0.151778436383985	BP germ-line stem cell division	group12225
buzzatii cluster	GO:0045088	0.01195791638893	0.999941981047635	1	13	regulation of innate immune response	BP	0.159438885185735	BP regulation of innate immune response	group11785
buzzatii cluster	GO:0032869	0.011985043505142	0.999942596317707	1	11	cellular response to insulin stimulus	BP	0.159536009571752	BP cellular response to insulin stimulus	group12364
buzzatii cluster	GO:0060548	0.01216534805676	0.999941440789693	1	10	negative regulation of cell death	BP	0.16143759364244	BP negative regulation of cell death	group12232
buzzatii cluster	GO:0008356	0.012181424477878	0.999939120234756	1	15	asymmetric cell division	BP	0.16143759364244	BP asymmetric cell division	group12225
buzzatii cluster	GO:1900426	0.01218813673395	0.999947727665187	1	5	positive regulation of defense response to bacterium	BP	0.16143759364244	BP positive regulation of defense response to bacterium	group12364
buzzatii cluster	GO:0045456	0.012393224843163	0.999942103323528	1	7	ecdysteroid biosynthetic process	BP	0.163805860399249	BP ecdysteroid biosynthetic process	group12364
buzzatii cluster	GO:0008227	0.012412023991626	0.999936506617476	1	16	G protein-coupled amine receptor activity	MF	0.163805860399249	MF G protein-coupled amine receptor activity	group11785
buzzatii cluster	GO:0007413	0.01242805657258	0.999936342072817	1	16	axonal fasciculation	BP	0.163805860399249	BP axonal fasciculation	group12222
buzzatii cluster	GO:1900073	0.012841197721381	0.999933531904653	1	12	regulation of neuromuscular synaptic transmission	BP	0.168974189328816	BP regulation of neuromuscular synaptic transmission	group12364
buzzatii cluster	GO:0035222	0.012864618018699	0.999931779317285	1	16	wing disc pattern formation	BP	0.169005766128011	BP wing disc pattern formation	group12225
buzzatii cluster	GO:0012505	0.012979123484037	0.999418154843284	2	143	endomembrane system	CC	0.17014950659894	CC endomembrane system	group12269, group12232
buzzatii cluster	GO:0009880	0.012994004608427	0.999931936322773	1	12	embryonic pattern specification	BP	0.17014950659894	BP embryonic pattern specification	group12225
buzzatii cluster	GO:0030239	0.013030161505803	0.999931555995448	1	12	myofibril assembly	BP	0.170255037642483	BP myofibril assembly	group12232
buzzatii cluster	GO:0030513	0.013044415819374	0.999930928262826	1	13	positive regulation of BMP signaling pathway	BP	0.170255037642483	BP positive regulation of BMP signaling pathway	group12225
buzzatii cluster	GO:0050877	0.013520602401281	0.999925339180951	1	14	nervous system process	BP	0.176184186882169	BP nervous system process	group12364
buzzatii cluster	GO:0008361	0.013558291246355	0.99992648897235	1	11	regulation of cell size	BP	0.17638942009821	BP regulation of cell size	group12364
buzzatii cluster	GO:0045792	0.014001062087591	0.99991856108894	1	18	negative regulation of cell size	BP	0.181652050534823	BP negative regulation of cell size	group12364
buzzatii cluster	GO:0061024	0.014018788745313	0.999920192330524	1	13	membrane organization	BP	0.181652050534823	BP membrane organization	group12269
buzzatii cluster	GO:0009416	0.014030587485339	0.999918497863262	1	17	response to light stimulus	BP	0.181652050534823	BP response to light stimulus	group12364
buzzatii cluster	GO:0030594	0.014207456647433	0.999916135432865	1	18	neurotransmitter receptor activity	MF	0.183646224188688	MF neurotransmitter receptor activity	group11785
buzzatii cluster	GO:0009617	0.014324736621298	0.999918733805581	1	10	response to bacterium	BP	0.18486497983184	BP response to bacterium	group12364
buzzatii cluster	GO:0007525	0.014518201610742	0.999912146115949	1	19	somatic muscle development	BP	0.187061443830715	BP somatic muscle development	group12364
buzzatii cluster	GO:1990837	0.014651020628474	0.999914123482324	1	11	sequence-specific double-stranded DNA binding	MF	0.18847072936469	MF sequence-specific double-stranded DNA binding	group12364
buzzatii cluster	GO:0005783	0.015539391733342	0.999232498640566	2	175	endoplasmic reticulum	CC	0.19957940820458	CC endoplasmic reticulum	group12269, group12232
buzzatii cluster	GO:0007611	0.015663122214632	0.99989920376782	1	15	learning or memory	BP	0.200847691556047	BP learning or memory	group12364
buzzatii cluster	GO:0005515	0.016120370076323	0.998487023655709	3	636	protein binding	MF	0.206381807983503	MF protein binding	group12232, group12364, group12225
buzzatii cluster	GO:0003690	0.016263017314351	0.999891308578971	1	15	double-stranded DNA binding	MF	0.20787704166515	MF double-stranded DNA binding	group12364
buzzatii cluster	GO:0007614	0.016387487528763	0.999887393788035	1	21	short-term memory	BP	0.209135555128981	BP short-term memory	group12364
buzzatii cluster	GO:0007613	0.016535985696169	0.999886286857493	1	18	memory	BP	0.210696236128682	BP memory	group12364
buzzatii cluster	GO:0016747	0.016565492463882	0.999886713527332	1	16	acyltransferase activity, transferring groups other than amino-acyl groups	MF	0.210738226913941	MF acyltransferase activity, transferring groups other than amino-acyl groups	group12269
buzzatii cluster	GO:0098609	0.016675843705686	0.999882268171073	1	26	cell-cell adhesion	BP	0.211806924792604	BP cell-cell adhesion	group12222
buzzatii cluster	GO:0004888	0.016989869629599	0.999879234960099	1	20	transmembrane signaling receptor activity	MF	0.215455129056749	MF transmembrane signaling receptor activity	group11785
buzzatii cluster	GO:0003677	0.017222888476061	0.999099913658931	2	230	DNA binding	MF	0.217903686225895	MF DNA binding	group12377, group12364
buzzatii cluster	GO:0007286	0.01725765792074	0.999877014397447	1	16	spermatid development	BP	0.217903686225895	BP spermatid development	group12269
buzzatii cluster	GO:0048132	0.017264259717151	0.999876440253736	1	17	female germ-line stem cell asymmetric division	BP	0.217903686225895	BP female germ-line stem cell asymmetric division	group12225
buzzatii cluster	GO:0007350	0.017721013965871	0.999871524926151	1	14	blastoderm segmentation	BP	0.223318107030719	BP blastoderm segmentation	group12225
buzzatii cluster	GO:0007189	0.017808240159471	0.999867642728215	1	19	adenylate cyclase-activating G protein-coupled receptor signaling pathway	BP	0.224066120316352	BP adenylate cyclase-activating G protein-coupled receptor signaling pathway	group11785
buzzatii cluster	GO:0006974	0.018691891800013	0.999854130074128	1	19	cellular response to DNA damage stimulus	BP	0.23481689073766	BP cellular response to DNA damage stimulus	group12364
buzzatii cluster	GO:0008286	0.018934498441564	0.999851276221011	1	17	insulin receptor signaling pathway	BP	0.237493552995588	BP insulin receptor signaling pathway	group12364
buzzatii cluster	GO:0007156	0.019219723621913	0.999842622693357	1	30	homophilic cell adhesion via plasma membrane adhesion molecules	BP	0.240695604237035	BP homophilic cell adhesion via plasma membrane adhesion molecules	group12222
buzzatii cluster	GO:0042127	0.019703529246273	0.999835439744266	1	26	regulation of cell population proliferation	BP	0.246370723390416	BP regulation of cell population proliferation	group12364
buzzatii cluster	GO:0010883	0.020078162395317	0.999831597672964	1	19	regulation of lipid storage	BP	0.250665257233465	BP regulation of lipid storage	group12364
buzzatii cluster	GO:0007367	0.020256644384318	0.99982553966409	1	28	segment polarity determination	BP	0.25237166498062	BP segment polarity determination	group12225
buzzatii cluster	GO:0007472	0.020277623828045	0.999828221434742	1	19	wing disc morphogenesis	BP	0.25237166498062	BP wing disc morphogenesis	group12225
buzzatii cluster	GO:0036099	0.020511469632125	0.999822200802489	1	24	female germ-line stem cell population maintenance	BP	0.254887505165818	BP female germ-line stem cell population maintenance	group12364
buzzatii cluster	GO:0007169	0.020644660947957	0.999819276819965	1	26	transmembrane receptor protein tyrosine kinase signaling pathway	BP	0.256146719169095	BP transmembrane receptor protein tyrosine kinase signaling pathway	group12364
buzzatii cluster	GO:0045824	0.02069964280693	0.999820966645732	1	19	negative regulation of innate immune response	BP	0.256433171290779	BP negative regulation of innate immune response	group11785
buzzatii cluster	GO:0035206	0.020877776583876	0.999816112480549	1	23	regulation of hemocyte proliferation	BP	0.258242036514399	BP regulation of hemocyte proliferation	group12364
buzzatii cluster	GO:0038023	0.02092068511216	0.999813865385812	1	28	signaling receptor activity	MF	0.25837528156953	MF signaling receptor activity	group11785
buzzatii cluster	GO:0046716	0.022168854570379	0.999792559750114	1	23	muscle cell cellular homeostasis	BP	0.273370537953759	BP muscle cell cellular homeostasis	group12232
buzzatii cluster	GO:0046627	0.022285885604862	0.999790354032194	1	23	negative regulation of insulin receptor signaling pathway	BP	0.274392833480996	BP negative regulation of insulin receptor signaling pathway	group12364
buzzatii cluster	GO:0008039	0.022425913670814	0.999785719238913	1	29	synaptic target recognition	BP	0.27522971064486	BP synaptic target recognition	group12222
buzzatii cluster	GO:0008354	0.022448561378247	0.999785847681163	1	27	germ cell migration	BP	0.27522971064486	BP germ cell migration	group12269
buzzatii cluster	GO:0007444	0.022456553505352	0.999787116308702	1	23	imaginal disc development	BP	0.27522971064486	BP imaginal disc development	group12225
buzzatii cluster	GO:0034599	0.022525983437241	0.999790017750476	1	16	cellular response to oxidative stress	BP	0.275660436583587	BP cellular response to oxidative stress	group12364
buzzatii cluster	GO:0006644	0.022897694616792	0.999782997898448	1	16	phospholipid metabolic process	BP	0.279783381031927	BP phospholipid metabolic process	group12269
buzzatii cluster	GO:0042981	0.023707762670306	0.999763101168442	1	22	regulation of apoptotic process	BP	0.289241899649859	BP regulation of apoptotic process	group12364
buzzatii cluster	GO:0019904	0.023814460595876	0.999762735829698	1	19	protein domain specific binding	MF	0.290103429077033	MF protein domain specific binding	group12232
buzzatii cluster	GO:0006955	0.024490189867612	0.999746132977853	1	24	immune response	BP	0.297883701264147	BP immune response	group12364
buzzatii cluster	GO:0008582	0.025832627154788	0.999715289285774	1	29	regulation of synaptic assembly at neuromuscular junction	BP	0.313348576213863	BP regulation of synaptic assembly at neuromuscular junction	group12364
buzzatii cluster	GO:0007349	0.025839565426591	0.999714190819415	1	32	cellularization	BP	0.313348576213863	BP cellularization	group12269
buzzatii cluster	GO:0008285	0.026022928856327	0.999709818490569	1	33	negative regulation of cell population proliferation	BP	0.315096909645885	BP negative regulation of cell population proliferation	group12364
buzzatii cluster	GO:0045887	0.026528347165731	0.999698668884521	1	32	positive regulation of synaptic assembly at neuromuscular junction	BP	0.3207337010714	BP positive regulation of synaptic assembly at neuromuscular junction	group12364
buzzatii cluster	GO:0045214	0.026729629404342	0.999695065559882	1	29	sarcomere organization	BP	0.322682012628998	BP sarcomere organization	group12232
buzzatii cluster	GO:0007552	0.027429697015838	0.999680104998336	1	26	metamorphosis	BP	0.330301493165872	BP metamorphosis	group12225
buzzatii cluster	GO:0050830	0.027442959879951	0.999683598348112	1	20	defense response to Gram-positive bacterium	BP	0.330301493165872	BP defense response to Gram-positive bacterium	group12364
buzzatii cluster	GO:0045746	0.027737903369317	0.99967191048482	1	28	negative regulation of Notch signaling pathway	BP	0.33335238129941	BP negative regulation of Notch signaling pathway	group12364
buzzatii cluster	GO:0010506	0.027881200892474	0.999668073956764	1	29	regulation of autophagy	BP	0.334574410709693	BP regulation of autophagy	group12364
buzzatii cluster	GO:0007520	0.028264878320117	0.999660753434278	1	25	myoblast fusion	BP	0.338673057665781	BP myoblast fusion	group12364
buzzatii cluster	GO:0003824	0.028456558376802	0.999655060017515	1	27	catalytic activity	MF	0.340462394865309	MF catalytic activity	group12269
buzzatii cluster	GO:0008407	0.029227369888323	0.999633844685549	1	32	chaeta morphogenesis	BP	0.349095365956039	BP chaeta morphogenesis	group12225
buzzatii cluster	GO:0007155	0.029280920297483	0.999630389197562	1	39	cell adhesion	BP	0.349095365956039	BP cell adhesion	group12222
buzzatii cluster	GO:0005214	0.029308379604518	0.999640941225259	1	18	structural constituent of chitin-based cuticle	MF	0.349095365956039	MF structural constituent of chitin-based cuticle	group11235
buzzatii cluster	GO:0006366	0.029410016640223	0.999633857471297	1	23	transcription by RNA polymerase II	BP	0.349787771874836	BP transcription by RNA polymerase II	group12364
buzzatii cluster	GO:0090263	0.029490788453367	0.999625568563642	1	37	positive regulation of canonical Wnt signaling pathway	BP	0.35023033850084	BP positive regulation of canonical Wnt signaling pathway	group12225
buzzatii cluster	GO:0009953	0.030188640025408	0.99961099598592	1	28	dorsal/ventral pattern formation	BP	0.357989182602186	BP dorsal/ventral pattern formation	group12225
buzzatii cluster	GO:0030018	0.030679437602526	0.999595936842468	1	33	Z disc	CC	0.363273458504133	CC Z disc	group12232
buzzatii cluster	GO:0042593	0.03108681593003	0.999584691122011	1	34	glucose homeostasis	BP	0.367555882466823	BP glucose homeostasis	group12364
buzzatii cluster	GO:0007291	0.031534567955772	0.999571527878488	1	37	sperm individualization	BP	0.372302388200302	BP sperm individualization	group12269
buzzatii cluster	GO:0008586	0.032124904765626	0.999554606035639	1	39	imaginal disc-derived wing vein morphogenesis	BP	0.378715886093307	BP imaginal disc-derived wing vein morphogenesis	group12225
buzzatii cluster	GO:0042742	0.033083198115188	0.999531695025222	1	29	defense response to bacterium	BP	0.389442039306165	BP defense response to bacterium	group12364
buzzatii cluster	GO:0016477	0.033394046229938	0.99951816566946	1	40	cell migration	BP	0.392526508316819	BP cell migration	group12269
buzzatii cluster	GO:0043065	0.033529013991597	0.999518337762592	1	30	positive regulation of apoptotic process	BP	0.39353762407656	BP positive regulation of apoptotic process	group12364
buzzatii cluster	GO:0031625	0.033726986395844	0.999512594725406	1	30	ubiquitin protein ligase binding	MF	0.395284213735542	MF ubiquitin protein ligase binding	group12364
buzzatii cluster	GO:0007623	0.035430097692072	0.999459608092781	1	34	circadian rhythm	BP	0.41464044460591	BP circadian rhythm	group12364
buzzatii cluster	GO:0007409	0.03572342895356	0.999447430048719	1	42	axonogenesis	BP	0.417465652306142	BP axonogenesis	group12225
buzzatii cluster	GO:0042594	0.035811568961638	0.999445708732732	1	39	response to starvation	BP	0.417888264806339	BP response to starvation	group12364
buzzatii cluster	GO:0004930	0.036624547499728	0.999417248170136	1	48	G protein-coupled receptor activity	MF	0.426755596953354	MF G protein-coupled receptor activity	group11785
buzzatii cluster	GO:0007480	0.037117916283119	0.999401069556341	1	49	imaginal disc-derived leg morphogenesis	BP	0.431878504943963	BP imaginal disc-derived leg morphogenesis	group12225
buzzatii cluster	GO:0022416	0.037891608129202	0.999378536541366	1	40	chaeta development	BP	0.44024353953582	BP chaeta development	group12225
buzzatii cluster	GO:0045087	0.03799699555934	0.999374663484162	1	41	innate immune response	BP	0.440829165958861	BP innate immune response	group12364
buzzatii cluster	GO:0009408	0.038051671787991	0.999374520057439	1	37	response to heat	BP	0.440829165958861	BP response to heat	group12364
buzzatii cluster	GO:0048190	0.03865965541186	0.99935249248827	1	41	wing disc dorsal/ventral pattern formation	BP	0.447228243901233	BP wing disc dorsal/ventral pattern formation	group12225
buzzatii cluster	GO:0030234	0.039471345878069	0.999339169512488	1	22	enzyme regulator activity	MF	0.455962098936315	MF enzyme regulator activity	group12232
buzzatii cluster	GO:0031594	0.039539877709319	0.999318418307578	1	54	neuromuscular junction	CC	0.456098445886543	CC neuromuscular junction	group12222
buzzatii cluster	GO:0005975	0.041561546433547	0.999247767954044	1	49	carbohydrate metabolic process	BP	0.478731852902179	BP carbohydrate metabolic process	group12364
buzzatii cluster	GO:0009267	0.042502635799555	0.999215275827695	1	43	cellular response to starvation	BP	0.488871519067838	BP cellular response to starvation	group12364
buzzatii cluster	GO:0030036	0.043210600246005	0.999185399598463	1	52	actin cytoskeleton organization	BP	0.496304608539825	BP actin cytoskeleton organization	group12232
buzzatii cluster	GO:0045475	0.045125726365276	0.999111606424531	1	50	locomotor rhythm	BP	0.517561825929841	BP locomotor rhythm	group12364
buzzatii cluster	GO:0010628	0.045213916673882	0.999106182491311	1	56	positive regulation of gene expression	BP	0.517834601222237	BP positive regulation of gene expression	group12364
buzzatii cluster	GO:0010629	0.04706128699801	0.999032276018044	1	52	negative regulation of gene expression	BP	0.538225814315786	BP negative regulation of gene expression	group12364
buzzatii cluster	GO:0032991	0.047351618851765	0.99901983051716	1	53	protein-containing complex	CC	0.540777010750268	CC protein-containing complex	group12232
buzzatii cluster	GO:0001228	0.047859396007669	0.998995244632809	1	64	DNA-binding transcription activator activity, RNA polymerase II-specific	MF	0.54580077149171	MF DNA-binding transcription activator activity, RNA polymerase II-specific	group12364
buzzatii cluster	GO:0035220	0.049424013674747	0.998931281367361	1	53	wing disc development	BP	0.562845708137347	BP wing disc development	group12225
serido sibling set	GO:0032501	0	1	5	5	multicellular organismal process	BP	0	BP multicellular organismal process	group13045, group11141, group13032, group12234, group12810
serido sibling set	GO:0050789	1.68246110895269E-12	1	4	4	regulation of biological process	BP	4.42038615358838E-09	BP regulation of biological process	group13045, group11141, group12234, group12810
serido sibling set	GO:0065007	1.68246110895269E-12	1	4	4	biological regulation	BP	4.42038615358838E-09	BP biological regulation	group13045, group11141, group12234, group12810
serido sibling set	GO:0050794	2.44841001671491E-09	1	3	3	regulation of cellular process	BP	4.82459193793674E-06	BP regulation of cellular process	group11141, group12234, group12810
serido sibling set	GO:0009987	1.00231880647291E-08	0.999999999997434	3	5	cellular process	BP	1.58005536652389E-05	BP cellular process	group13045, group11141, group12234
serido sibling set	GO:0032502	1.75835407585856E-07	0.999999999811865	3	12	developmental process	BP	0.000230989113765	BP developmental process	group13045, group11141, group12234
serido sibling set	GO:0048856	3.07580664439063E-07	0.999999999558341	3	24	anatomical structure development	BP	0.000346335828158	BP anatomical structure development	group13045, group11141, group12234
serido sibling set	GO:0007275	9.98739484200357E-07	0.999999997814948	3	33	multicellular organism development	BP	0.00070752265414	BP multicellular organism development	group13045, group11141, group12234
serido sibling set	GO:0065008	1.93916343013152E-06	1	2	2	regulation of biological quality	BP	0.00070752265414	BP regulation of biological quality	group11141, group12810
serido sibling set	GO:0005488	2.34207305372096E-06	1	2	2	binding	MF	0.00070752265414	MF binding	group12234, group12810
serido sibling set	GO:0007610	2.34207305372096E-06	1	2	2	behavior	BP	0.00070752265414	BP behavior	group12234, group12810
serido sibling set	GO:0019098	2.34207305372096E-06	1	2	2	reproductive behavior	BP	0.00070752265414	BP reproductive behavior	group12234, group12810
serido sibling set	GO:0019953	2.34207305372096E-06	1	2	2	sexual reproduction	BP	0.00070752265414	BP sexual reproduction	group12234, group12810
serido sibling set	GO:0044703	2.34207305372096E-06	1	2	2	multi-organism reproductive process	BP	0.00070752265414	BP multi-organism reproductive process	group12234, group12810
serido sibling set	GO:0048609	2.34207305372096E-06	1	2	2	multicellular organismal reproductive process	BP	0.00070752265414	BP multicellular organismal reproductive process	group12234, group12810
serido sibling set	GO:0051704	2.34207305372096E-06	1	2	2	multi-organism process	BP	0.00070752265414	BP multi-organism process	group12234, group12810
serido sibling set	GO:0006810	2.38934805398282E-06	1	2	2	transport	BP	0.00070752265414	BP transport	group13045, group11141
serido sibling set	GO:0044425	2.38934805398282E-06	1	2	2	NA	NA	0.00070752265414	none	group13045, group11141
serido sibling set	GO:0046903	2.38934805398282E-06	1	2	2	secretion	BP	0.00070752265414	BP secretion	group13045, group11141
serido sibling set	GO:0051179	2.38934805398282E-06	1	2	2	localization	BP	0.00070752265414	BP localization	group13045, group11141
serido sibling set	GO:0051234	2.38934805398282E-06	1	2	2	establishment of localization	BP	0.00070752265414	BP establishment of localization	group13045, group11141
serido sibling set	GO:0005623	2.87245939260146E-06	1	2	2	NA	NA	0.00070752265414	none	group11141, group12234
serido sibling set	GO:0006950	2.87245939260146E-06	1	2	2	response to stress	BP	0.00070752265414	BP response to stress	group11141, group12234
serido sibling set	GO:0009628	2.87245939260146E-06	1	2	2	response to abiotic stimulus	BP	0.00070752265414	BP response to abiotic stimulus	group11141, group12234
serido sibling set	GO:0009889	2.87245939260146E-06	1	2	2	regulation of biosynthetic process	BP	0.00070752265414	BP regulation of biosynthetic process	group11141, group12234
serido sibling set	GO:0031326	2.87245939260146E-06	1	2	2	regulation of cellular biosynthetic process	BP	0.00070752265414	BP regulation of cellular biosynthetic process	group11141, group12234
serido sibling set	GO:0044424	2.87245939260146E-06	1	2	2	NA	NA	0.00070752265414	none	group11141, group12234
serido sibling set	GO:0044464	2.87245939260146E-06	1	2	2	NA	NA	0.00070752265414	none	group11141, group12234
serido sibling set	GO:0048731	2.87245939260146E-06	1	2	2	system development	BP	0.00070752265414	BP system development	group11141, group12234
serido sibling set	GO:0050896	2.87245939260146E-06	1	2	2	response to stimulus	BP	0.00070752265414	BP response to stimulus	group11141, group12234
serido sibling set	GO:0051171	2.87245939260146E-06	1	2	2	regulation of nitrogen compound metabolic process	BP	0.00070752265414	BP regulation of nitrogen compound metabolic process	group11141, group12234
serido sibling set	GO:0080090	2.87245939260146E-06	1	2	2	regulation of primary metabolic process	BP	0.00070752265414	BP regulation of primary metabolic process	group11141, group12234
serido sibling set	GO:0022414	4.60023509389093E-06	0.999999998724401	2	3	reproductive process	BP	0.001098759182123	BP reproductive process	group12234, group12810
serido sibling set	GO:0007618	6.07027086833564E-06	0.999999997265473	2	4	mating	BP	0.001407231617183	BP mating	group12234, group12810
serido sibling set	GO:0008150	6.28808124946489E-06	1	5	448	biological_process	BP	0.001416075897379	BP biological_process	group13045, group11141, group13032, group12234, group12810
serido sibling set	GO:0019222	6.49126751622268E-06	0.999999997861181	2	3	regulation of metabolic process	BP	0.00142122696008	BP regulation of metabolic process	group11141, group12234
serido sibling set	GO:0005215	7.67297444693529E-06	0.999999995484397	2	5	transporter activity	MF	0.001634550934885	MF transporter activity	group13045, group11141
serido sibling set	GO:0031323	8.14822413708914E-06	0.999999995746161	2	4	regulation of cellular metabolic process	BP	0.001656292340697	BP regulation of cellular metabolic process	group11141, group12234
serido sibling set	GO:0000003	8.19530592326695E-06	0.999999995709215	2	4	reproduction	BP	0.001656292340697	BP reproduction	group12234, group12810
serido sibling set	GO:0031224	8.88363714690405E-06	0.999999994373807	2	5	intrinsic component of membrane	CC	0.001750520699797	CC intrinsic component of membrane	group13045, group11141
serido sibling set	GO:0060180	1.55771125520406E-05	0.999999985771212	2	6	female mating behavior	BP	0.002994604905736	BP female mating behavior	group12234, group12810
serido sibling set	GO:0007617	1.79217625034093E-05	0.999999980721365	2	8	mating behavior	BP	0.003363317429806	BP mating behavior	group12234, group12810
serido sibling set	GO:0005622	3.23189949786431E-05	0.999999949286321	2	12	intracellular anatomical structure	CC	0.005924146940039	CC intracellular anatomical structure	group11141, group12234
serido sibling set	GO:0005575	0.000322148934797	0.999993686491707	4	473	cellular_component	CC	0.057708588728835	CC cellular_component	group13045, group11141, group12234, group12810
serido sibling set	GO:0010469	0.001372750906369	1	1	1	regulation of signaling receptor activity	BP	0.087268520967921	BP regulation of signaling receptor activity	group12810
serido sibling set	GO:0010646	0.001372750906369	1	1	1	regulation of cell communication	BP	0.087268520967921	BP regulation of cell communication	group12810
serido sibling set	GO:0023051	0.001372750906369	1	1	1	regulation of signaling	BP	0.087268520967921	BP regulation of signaling	group12810
serido sibling set	GO:0030545	0.001372750906369	1	1	1	signaling receptor regulator activity	MF	0.087268520967921	MF signaling receptor regulator activity	group12810
serido sibling set	GO:0044421	0.001372750906369	1	1	1	NA	NA	0.087268520967921	none	group12810
serido sibling set	GO:0048583	0.001372750906369	1	1	1	regulation of response to stimulus	BP	0.087268520967921	BP regulation of response to stimulus	group12810
serido sibling set	GO:0065009	0.001372750906369	1	1	1	regulation of molecular function	BP	0.087268520967921	BP regulation of molecular function	group12810
serido sibling set	GO:0098772	0.001372750906369	1	1	1	molecular function regulator	MF	0.087268520967921	MF molecular function regulator	group12810
serido sibling set	GO:0003008	0.001670212443887	1	1	1	system process	BP	0.087268520967921	BP system process	group13032
serido sibling set	GO:0007600	0.001670212443887	1	1	1	sensory perception	BP	0.087268520967921	BP sensory perception	group13032
serido sibling set	GO:0003674	0.001690023959421	0.999947031949291	4	724	molecular_function	MF	0.087268520967921	MF molecular_function	group13045, group11141, group12234, group12810
serido sibling set	GO:0002790	0.001715174689607	1	1	1	peptide secretion	BP	0.087268520967921	BP peptide secretion	group13045
serido sibling set	GO:0003002	0.001715174689607	1	1	1	regionalization	BP	0.087268520967921	BP regionalization	group13045
serido sibling set	GO:0008565	0.001715174689607	1	1	1	NA	NA	0.087268520967921	none	group13045
serido sibling set	GO:0015833	0.001715174689607	1	1	1	peptide transport	BP	0.087268520967921	BP peptide transport	group13045
serido sibling set	GO:0033036	0.001715174689607	1	1	1	macromolecule localization	BP	0.087268520967921	BP macromolecule localization	group13045
serido sibling set	GO:0042886	0.001715174689607	1	1	1	amide transport	BP	0.087268520967921	BP amide transport	group13045
serido sibling set	GO:0048042	0.001715174689607	1	1	1	NA	NA	0.087268520967921	none	group13045
serido sibling set	GO:0051239	0.001715174689607	1	1	1	regulation of multicellular organismal process	BP	0.087268520967921	BP regulation of multicellular organismal process	group13045
serido sibling set	GO:0071705	0.001715174689607	1	1	1	nitrogen compound transport	BP	0.087268520967921	BP nitrogen compound transport	group13045
serido sibling set	GO:2000241	0.001715174689607	1	1	1	regulation of reproductive process	BP	0.087268520967921	BP regulation of reproductive process	group13045
serido sibling set	GO:0006140	0.001740308117295	1	1	1	regulation of nucleotide metabolic process	BP	0.087268520967921	BP regulation of nucleotide metabolic process	group11141
serido sibling set	GO:0006725	0.001740308117295	1	1	1	cellular aromatic compound metabolic process	BP	0.087268520967921	BP cellular aromatic compound metabolic process	group11141
serido sibling set	GO:0006793	0.001740308117295	1	1	1	phosphorus metabolic process	BP	0.087268520967921	BP phosphorus metabolic process	group11141
serido sibling set	GO:0007595	0.001740308117295	1	1	1	lactation	BP	0.087268520967921	BP lactation	group11141
serido sibling set	GO:0008152	0.001740308117295	1	1	1	metabolic process	BP	0.087268520967921	BP metabolic process	group11141
serido sibling set	GO:0009123	0.001740308117295	1	1	1	nucleoside monophosphate metabolic process	BP	0.087268520967921	BP nucleoside monophosphate metabolic process	group11141
serido sibling set	GO:0009126	0.001740308117295	1	1	1	purine nucleoside monophosphate metabolic process	BP	0.087268520967921	BP purine nucleoside monophosphate metabolic process	group11141
serido sibling set	GO:0009141	0.001740308117295	1	1	1	nucleoside triphosphate metabolic process	BP	0.087268520967921	BP nucleoside triphosphate metabolic process	group11141
serido sibling set	GO:0009144	0.001740308117295	1	1	1	purine nucleoside triphosphate metabolic process	BP	0.087268520967921	BP purine nucleoside triphosphate metabolic process	group11141
serido sibling set	GO:0009150	0.001740308117295	1	1	1	purine ribonucleotide metabolic process	BP	0.087268520967921	BP purine ribonucleotide metabolic process	group11141
serido sibling set	GO:0009161	0.001740308117295	1	1	1	ribonucleoside monophosphate metabolic process	BP	0.087268520967921	BP ribonucleoside monophosphate metabolic process	group11141
serido sibling set	GO:0009167	0.001740308117295	1	1	1	purine ribonucleoside monophosphate metabolic process	BP	0.087268520967921	BP purine ribonucleoside monophosphate metabolic process	group11141
serido sibling set	GO:0009199	0.001740308117295	1	1	1	ribonucleoside triphosphate metabolic process	BP	0.087268520967921	BP ribonucleoside triphosphate metabolic process	group11141
serido sibling set	GO:0009205	0.001740308117295	1	1	1	purine ribonucleoside triphosphate metabolic process	BP	0.087268520967921	BP purine ribonucleoside triphosphate metabolic process	group11141
serido sibling set	GO:0009259	0.001740308117295	1	1	1	ribonucleotide metabolic process	BP	0.087268520967921	BP ribonucleotide metabolic process	group11141
serido sibling set	GO:0009891	0.001740308117295	1	1	1	positive regulation of biosynthetic process	BP	0.087268520967921	BP positive regulation of biosynthetic process	group11141
serido sibling set	GO:0009893	0.001740308117295	1	1	1	positive regulation of metabolic process	BP	0.087268520967921	BP positive regulation of metabolic process	group11141
serido sibling set	GO:0010562	0.001740308117295	1	1	1	positive regulation of phosphorus metabolic process	BP	0.087268520967921	BP positive regulation of phosphorus metabolic process	group11141
serido sibling set	GO:0010726	0.001740308117295	1	1	1	positive regulation of hydrogen peroxide metabolic process	BP	0.087268520967921	BP positive regulation of hydrogen peroxide metabolic process	group11141
serido sibling set	GO:0010728	0.001740308117295	1	1	1	regulation of hydrogen peroxide biosynthetic process	BP	0.087268520967921	BP regulation of hydrogen peroxide biosynthetic process	group11141
serido sibling set	GO:0010729	0.001740308117295	1	1	1	positive regulation of hydrogen peroxide biosynthetic process	BP	0.087268520967921	BP positive regulation of hydrogen peroxide biosynthetic process	group11141
serido sibling set	GO:0010939	0.001740308117295	1	1	1	regulation of necrotic cell death	BP	0.087268520967921	BP regulation of necrotic cell death	group11141
serido sibling set	GO:0015002	0.001740308117295	1	1	1	NA	NA	0.087268520967921	none	group11141
serido sibling set	GO:0015077	0.001740308117295	1	1	1	NA	NA	0.087268520967921	none	group11141
serido sibling set	GO:0015078	0.001740308117295	1	1	1	proton transmembrane transporter activity	MF	0.087268520967921	MF proton transmembrane transporter activity	group11141
serido sibling set	GO:0015318	0.001740308117295	1	1	1	inorganic molecular entity transmembrane transporter activity	MF	0.087268520967921	MF inorganic molecular entity transmembrane transporter activity	group11141
serido sibling set	GO:0015980	0.001740308117295	1	1	1	energy derivation by oxidation of organic compounds	BP	0.087268520967921	BP energy derivation by oxidation of organic compounds	group11141
serido sibling set	GO:0016675	0.001740308117295	1	1	1	oxidoreductase activity, acting on a heme group of donors	MF	0.087268520967921	MF oxidoreductase activity, acting on a heme group of donors	group11141
serido sibling set	GO:0016676	0.001740308117295	1	1	1	NA	NA	0.087268520967921	none	group11141
serido sibling set	GO:0017144	0.001740308117295	1	1	1	NA	NA	0.087268520967921	none	group11141
serido sibling set	GO:0019219	0.001740308117295	1	1	1	regulation of nucleobase-containing compound metabolic process	BP	0.087268520967921	BP regulation of nucleobase-containing compound metabolic process	group11141
serido sibling set	GO:0019220	0.001740308117295	1	1	1	regulation of phosphate metabolic process	BP	0.087268520967921	BP regulation of phosphate metabolic process	group11141
serido sibling set	GO:0019637	0.001740308117295	1	1	1	organophosphate metabolic process	BP	0.087268520967921	BP organophosphate metabolic process	group11141
serido sibling set	GO:0019646	0.001740308117295	1	1	1	aerobic electron transport chain	BP	0.087268520967921	BP aerobic electron transport chain	group11141
serido sibling set	GO:0019866	0.001740308117295	1	1	1	organelle inner membrane	CC	0.087268520967921	CC organelle inner membrane	group11141
serido sibling set	GO:0030808	0.001740308117295	1	1	1	regulation of nucleotide biosynthetic process	BP	0.087268520967921	BP regulation of nucleotide biosynthetic process	group11141
serido sibling set	GO:0030810	0.001740308117295	1	1	1	positive regulation of nucleotide biosynthetic process	BP	0.087268520967921	BP positive regulation of nucleotide biosynthetic process	group11141
serido sibling set	GO:0030879	0.001740308117295	1	1	1	mammary gland development	BP	0.087268520967921	BP mammary gland development	group11141
serido sibling set	GO:0031325	0.001740308117295	1	1	1	positive regulation of cellular metabolic process	BP	0.087268520967921	BP positive regulation of cellular metabolic process	group11141
serido sibling set	GO:0031328	0.001740308117295	1	1	1	positive regulation of cellular biosynthetic process	BP	0.087268520967921	BP positive regulation of cellular biosynthetic process	group11141
serido sibling set	GO:0031967	0.001740308117295	1	1	1	organelle envelope	CC	0.087268520967921	CC organelle envelope	group11141
serido sibling set	GO:0031975	0.001740308117295	1	1	1	envelope	CC	0.087268520967921	CC envelope	group11141
serido sibling set	GO:0034641	0.001740308117295	1	1	1	cellular nitrogen compound metabolic process	BP	0.087268520967921	BP cellular nitrogen compound metabolic process	group11141
serido sibling set	GO:0043226	0.001740308117295	1	1	1	organelle	CC	0.087268520967921	CC organelle	group11141
serido sibling set	GO:0043227	0.001740308117295	1	1	1	membrane-bounded organelle	CC	0.087268520967921	CC membrane-bounded organelle	group11141
serido sibling set	GO:0044238	0.001740308117295	1	1	1	primary metabolic process	BP	0.087268520967921	BP primary metabolic process	group11141
serido sibling set	GO:0044281	0.001740308117295	1	1	1	small molecule metabolic process	BP	0.087268520967921	BP small molecule metabolic process	group11141
serido sibling set	GO:0044422	0.001740308117295	1	1	1	NA	NA	0.087268520967921	none	group11141
serido sibling set	GO:0044429	0.001740308117295	1	1	1	NA	NA	0.087268520967921	none	group11141
serido sibling set	GO:0044444	0.001740308117295	1	1	1	NA	NA	0.087268520967921	none	group11141
serido sibling set	GO:0044446	0.001740308117295	1	1	1	NA	NA	0.087268520967921	none	group11141
serido sibling set	GO:0044455	0.001740308117295	1	1	1	NA	NA	0.087268520967921	none	group11141
serido sibling set	GO:0045277	0.001740308117295	1	1	1	respiratory chain complex IV	CC	0.087268520967921	CC respiratory chain complex IV	group11141
serido sibling set	GO:0045935	0.001740308117295	1	1	1	positive regulation of nucleobase-containing compound metabolic process	BP	0.087268520967921	BP positive regulation of nucleobase-containing compound metabolic process	group11141
serido sibling set	GO:0045937	0.001740308117295	1	1	1	positive regulation of phosphate metabolic process	BP	0.087268520967921	BP positive regulation of phosphate metabolic process	group11141
serido sibling set	GO:0045981	0.001740308117295	1	1	1	positive regulation of nucleotide metabolic process	BP	0.087268520967921	BP positive regulation of nucleotide metabolic process	group11141
serido sibling set	GO:0046483	0.001740308117295	1	1	1	heterocycle metabolic process	BP	0.087268520967921	BP heterocycle metabolic process	group11141
serido sibling set	GO:0048518	0.001740308117295	1	1	1	positive regulation of biological process	BP	0.087268520967921	BP positive regulation of biological process	group11141
serido sibling set	GO:0048522	0.001740308117295	1	1	1	positive regulation of cellular process	BP	0.087268520967921	BP positive regulation of cellular process	group11141
serido sibling set	GO:0048732	0.001740308117295	1	1	1	gland development	BP	0.087268520967921	BP gland development	group11141
serido sibling set	GO:0050878	0.001740308117295	1	1	1	regulation of body fluid levels	BP	0.087268520967921	BP regulation of body fluid levels	group11141
serido sibling set	GO:0051173	0.001740308117295	1	1	1	positive regulation of nitrogen compound metabolic process	BP	0.087268520967921	BP positive regulation of nitrogen compound metabolic process	group11141
serido sibling set	GO:0051174	0.001740308117295	1	1	1	regulation of phosphorus metabolic process	BP	0.087268520967921	BP regulation of phosphorus metabolic process	group11141
serido sibling set	GO:0051193	0.001740308117295	1	1	1	NA	NA	0.087268520967921	none	group11141
serido sibling set	GO:0051194	0.001740308117295	1	1	1	NA	NA	0.087268520967921	none	group11141
serido sibling set	GO:0055086	0.001740308117295	1	1	1	nucleobase-containing small molecule metabolic process	BP	0.087268520967921	BP nucleobase-containing small molecule metabolic process	group11141
serido sibling set	GO:0062012	0.001740308117295	1	1	1	regulation of small molecule metabolic process	BP	0.087268520967921	BP regulation of small molecule metabolic process	group11141
serido sibling set	GO:0062013	0.001740308117295	1	1	1	positive regulation of small molecule metabolic process	BP	0.087268520967921	BP positive regulation of small molecule metabolic process	group11141
serido sibling set	GO:0070069	0.001740308117295	1	1	1	cytochrome complex	CC	0.087268520967921	CC cytochrome complex	group11141
serido sibling set	GO:0070469	0.001740308117295	1	1	1	respirasome	CC	0.087268520967921	CC respirasome	group11141
serido sibling set	GO:0071704	0.001740308117295	1	1	1	organic substance metabolic process	BP	0.087268520967921	BP organic substance metabolic process	group11141
serido sibling set	GO:0072521	0.001740308117295	1	1	1	purine-containing compound metabolic process	BP	0.087268520967921	BP purine-containing compound metabolic process	group11141
serido sibling set	GO:0098660	0.001740308117295	1	1	1	inorganic ion transmembrane transport	BP	0.087268520967921	BP inorganic ion transmembrane transport	group11141
serido sibling set	GO:0098796	0.001740308117295	1	1	1	membrane protein complex	CC	0.087268520967921	CC membrane protein complex	group11141
serido sibling set	GO:0098798	0.001740308117295	1	1	1	mitochondrial protein-containing complex	CC	0.087268520967921	CC mitochondrial protein-containing complex	group11141
serido sibling set	GO:0098800	0.001740308117295	1	1	1	inner mitochondrial membrane protein complex	CC	0.087268520967921	CC inner mitochondrial membrane protein complex	group11141
serido sibling set	GO:0098803	0.001740308117295	1	1	1	respiratory chain complex	CC	0.087268520967921	CC respiratory chain complex	group11141
serido sibling set	GO:1900371	0.001740308117295	1	1	1	regulation of purine nucleotide biosynthetic process	BP	0.087268520967921	BP regulation of purine nucleotide biosynthetic process	group11141
serido sibling set	GO:1900373	0.001740308117295	1	1	1	positive regulation of purine nucleotide biosynthetic process	BP	0.087268520967921	BP positive regulation of purine nucleotide biosynthetic process	group11141
serido sibling set	GO:1900542	0.001740308117295	1	1	1	regulation of purine nucleotide metabolic process	BP	0.087268520967921	BP regulation of purine nucleotide metabolic process	group11141
serido sibling set	GO:1900544	0.001740308117295	1	1	1	positive regulation of purine nucleotide metabolic process	BP	0.087268520967921	BP positive regulation of purine nucleotide metabolic process	group11141
serido sibling set	GO:1901135	0.001740308117295	1	1	1	carbohydrate derivative metabolic process	BP	0.087268520967921	BP carbohydrate derivative metabolic process	group11141
serido sibling set	GO:1901360	0.001740308117295	1	1	1	organic cyclic compound metabolic process	BP	0.087268520967921	BP organic cyclic compound metabolic process	group11141
serido sibling set	GO:1901564	0.001740308117295	1	1	1	organonitrogen compound metabolic process	BP	0.087268520967921	BP organonitrogen compound metabolic process	group11141
serido sibling set	GO:1903426	0.001740308117295	1	1	1	regulation of reactive oxygen species biosynthetic process	BP	0.087268520967921	BP regulation of reactive oxygen species biosynthetic process	group11141
serido sibling set	GO:1903428	0.001740308117295	1	1	1	positive regulation of reactive oxygen species biosynthetic process	BP	0.087268520967921	BP positive regulation of reactive oxygen species biosynthetic process	group11141
serido sibling set	GO:1903578	0.001740308117295	1	1	1	regulation of ATP metabolic process	BP	0.087268520967921	BP regulation of ATP metabolic process	group11141
serido sibling set	GO:1903580	0.001740308117295	1	1	1	positive regulation of ATP metabolic process	BP	0.087268520967921	BP positive regulation of ATP metabolic process	group11141
serido sibling set	GO:2001169	0.001740308117295	1	1	1	regulation of ATP biosynthetic process	BP	0.087268520967921	BP regulation of ATP biosynthetic process	group11141
serido sibling set	GO:2001171	0.001740308117295	1	1	1	positive regulation of ATP biosynthetic process	BP	0.087268520967921	BP positive regulation of ATP biosynthetic process	group11141
serido sibling set	GO:0007621	0.001959362679557	0.999999231396659	1	2	negative regulation of female receptivity	BP	0.087268520967921	BP negative regulation of female receptivity	group12810
serido sibling set	GO:0009605	0.002048296927057	1	1	1	response to external stimulus	BP	0.087268520967921	BP response to external stimulus	group12234
serido sibling set	GO:0009890	0.002048296927057	1	1	1	negative regulation of biosynthetic process	BP	0.087268520967921	BP negative regulation of biosynthetic process	group12234
serido sibling set	GO:0009892	0.002048296927057	1	1	1	negative regulation of metabolic process	BP	0.087268520967921	BP negative regulation of metabolic process	group12234
serido sibling set	GO:0010556	0.002048296927057	1	1	1	regulation of macromolecule biosynthetic process	BP	0.087268520967921	BP regulation of macromolecule biosynthetic process	group12234
serido sibling set	GO:0010558	0.002048296927057	1	1	1	negative regulation of macromolecule biosynthetic process	BP	0.087268520967921	BP negative regulation of macromolecule biosynthetic process	group12234
serido sibling set	GO:0010605	0.002048296927057	1	1	1	negative regulation of macromolecule metabolic process	BP	0.087268520967921	BP negative regulation of macromolecule metabolic process	group12234
serido sibling set	GO:0021700	0.002048296927057	1	1	1	developmental maturation	BP	0.087268520967921	BP developmental maturation	group12234
serido sibling set	GO:0031324	0.002048296927057	1	1	1	negative regulation of cellular metabolic process	BP	0.087268520967921	BP negative regulation of cellular metabolic process	group12234
serido sibling set	GO:0031327	0.002048296927057	1	1	1	negative regulation of cellular biosynthetic process	BP	0.087268520967921	BP negative regulation of cellular biosynthetic process	group12234
serido sibling set	GO:0032268	0.002048296927057	1	1	1	regulation of cellular protein metabolic process	BP	0.087268520967921	BP regulation of cellular protein metabolic process	group12234
serido sibling set	GO:0032269	0.002048296927057	1	1	1	negative regulation of cellular protein metabolic process	BP	0.087268520967921	BP negative regulation of cellular protein metabolic process	group12234
serido sibling set	GO:0033554	0.002048296927057	1	1	1	cellular response to stress	BP	0.087268520967921	BP cellular response to stress	group12234
serido sibling set	GO:0034248	0.002048296927057	1	1	1	regulation of cellular amide metabolic process	BP	0.087268520967921	BP regulation of cellular amide metabolic process	group12234
serido sibling set	GO:0034249	0.002048296927057	1	1	1	negative regulation of cellular amide metabolic process	BP	0.087268520967921	BP negative regulation of cellular amide metabolic process	group12234
serido sibling set	GO:0042551	0.002048296927057	1	1	1	neuron maturation	BP	0.087268520967921	BP neuron maturation	group12234
serido sibling set	GO:0048469	0.002048296927057	1	1	1	cell maturation	BP	0.087268520967921	BP cell maturation	group12234
serido sibling set	GO:0048519	0.002048296927057	1	1	1	negative regulation of biological process	BP	0.087268520967921	BP negative regulation of biological process	group12234
serido sibling set	GO:0048523	0.002048296927057	1	1	1	negative regulation of cellular process	BP	0.087268520967921	BP negative regulation of cellular process	group12234
serido sibling set	GO:0048869	0.002048296927057	1	1	1	cellular developmental process	BP	0.087268520967921	BP cellular developmental process	group12234
serido sibling set	GO:0051172	0.002048296927057	1	1	1	negative regulation of nitrogen compound metabolic process	BP	0.087268520967921	BP negative regulation of nitrogen compound metabolic process	group12234
serido sibling set	GO:0051246	0.002048296927057	1	1	1	regulation of protein metabolic process	BP	0.087268520967921	BP regulation of protein metabolic process	group12234
serido sibling set	GO:0051248	0.002048296927057	1	1	1	negative regulation of protein metabolic process	BP	0.087268520967921	BP negative regulation of protein metabolic process	group12234
serido sibling set	GO:0051716	0.002048296927057	1	1	1	cellular response to stimulus	BP	0.087268520967921	BP cellular response to stimulus	group12234
serido sibling set	GO:0060255	0.002048296927057	1	1	1	regulation of macromolecule metabolic process	BP	0.087268520967921	BP regulation of macromolecule metabolic process	group12234
serido sibling set	GO:0071695	0.002048296927057	1	1	1	anatomical structure maturation	BP	0.087268520967921	BP anatomical structure maturation	group12234
serido sibling set	GO:0097159	0.002048296927057	1	1	1	organic cyclic compound binding	MF	0.087268520967921	MF organic cyclic compound binding	group12234
serido sibling set	GO:1901363	0.002048296927057	1	1	1	heterocyclic compound binding	MF	0.087268520967921	MF heterocyclic compound binding	group12234
serido sibling set	GO:2000112	0.002048296927057	1	1	1	regulation of cellular macromolecule biosynthetic process	BP	0.087268520967921	BP regulation of cellular macromolecule biosynthetic process	group12234
serido sibling set	GO:2000113	0.002048296927057	1	1	1	negative regulation of cellular macromolecule biosynthetic process	BP	0.087268520967921	BP negative regulation of cellular macromolecule biosynthetic process	group12234
serido sibling set	GO:0032504	0.002073521691412	0.999970120403596	2	71	multicellular organism reproduction	BP	0.087851102943979	BP multicellular organism reproduction	group12234, group12810
serido sibling set	GO:0019233	0.002084262401741	0.999999130218851	1	2	sensory perception of pain	BP	0.087851102943979	BP sensory perception of pain	group13032
serido sibling set	GO:0023052	0.002128985051012	0.999999092467682	1	2	signaling	BP	0.088357735030683	BP signaling	group13045
serido sibling set	GO:0050795	0.002152461778928	0.999999072329171	1	2	regulation of behavior	BP	0.088357735030683	BP regulation of behavior	group13045
serido sibling set	GO:0015075	0.002152533343584	0.999999072267444	1	2	ion transmembrane transporter activity	MF	0.088357735030683	MF ion transmembrane transporter activity	group11141
serido sibling set	GO:0098662	0.002152533343584	0.999999072267444	1	2	inorganic cation transmembrane transport	BP	0.088357735030683	BP inorganic cation transmembrane transport	group11141
serido sibling set	GO:0007267	0.002164481251948	0.999999061933132	1	2	cell-cell signaling	BP	0.088357735030683	BP cell-cell signaling	group13045
serido sibling set	GO:0042773	0.002165450763362	0.999999061092041	1	2	ATP synthesis coupled electron transport	BP	0.088357735030683	BP ATP synthesis coupled electron transport	group11141
serido sibling set	GO:0198738	0.002174752676472	0.999999053003073	1	2	cell-cell signaling by wnt	BP	0.088357735030683	BP cell-cell signaling by wnt	group13045
serido sibling set	GO:0023061	0.002379965513735	0.999998865711003	1	2	signal release	BP	0.096199426560288	BP signal release	group13045
serido sibling set	GO:0031090	0.002444147671493	0.999998803661634	1	2	organelle membrane	CC	0.098289652789337	CC organelle membrane	group11141
serido sibling set	GO:0042330	0.002460420399523	0.999998787666702	1	2	taxis	BP	0.098441794868219	BP taxis	group12234
serido sibling set	GO:2000379	0.002495477048837	0.99999875284708	1	2	positive regulation of reactive oxygen species metabolic process	BP	0.099340152014816	BP positive regulation of reactive oxygen species metabolic process	group11141
serido sibling set	GO:0044237	0.002520539063846	0.999998727651867	1	2	cellular metabolic process	BP	0.099429458544484	BP cellular metabolic process	group11141
serido sibling set	GO:0009629	0.002522949975754	0.999998725214837	1	2	response to gravity	BP	0.099429458544484	BP response to gravity	group12234
serido sibling set	GO:0015672	0.002597188281958	0.999998199017816	1	3	NA	NA	0.101845960389999	none	group11141
serido sibling set	GO:0006807	0.002679182215948	0.999998083423845	1	3	nitrogen compound metabolic process	BP	0.104541159535171	BP nitrogen compound metabolic process	group11141
serido sibling set	GO:0010608	0.002886799610967	0.999997774625822	1	3	posttranscriptional regulation of gene expression	BP	0.111753685773338	BP posttranscriptional regulation of gene expression	group12234
serido sibling set	GO:0007154	0.002907699138557	0.999997742261934	1	3	cell communication	BP	0.111753685773338	BP cell communication	group13045
serido sibling set	GO:0048468	0.002912216898809	0.999997735235214	1	3	cell development	BP	0.111753685773338	BP cell development	group12234
serido sibling set	GO:0046008	0.002925412260033	0.999997714649135	1	3	regulation of female receptivity, post-mating	BP	0.111753685773338	BP regulation of female receptivity, post-mating	group12810
serido sibling set	GO:0008050	0.002934916639823	0.999997699763561	1	3	female courtship behavior	BP	0.111753685773338	BP female courtship behavior	group12234
serido sibling set	GO:0006091	0.003114843546881	0.999997085241725	1	4	generation of precursor metabolites and energy	BP	0.118034600175541	BP generation of precursor metabolites and energy	group11141
serido sibling set	GO:0009409	0.003163362468108	0.999997327412769	1	3	response to cold	BP	0.11929963145275	BP response to cold	group11141
serido sibling set	GO:0006753	0.003237555268872	0.999997899896346	1	2	nucleoside phosphate metabolic process	BP	0.120476306513289	BP nucleoside phosphate metabolic process	group11141
serido sibling set	GO:0019693	0.003237555268872	0.999997899896346	1	2	ribose phosphate metabolic process	BP	0.120476306513289	BP ribose phosphate metabolic process	group11141
serido sibling set	GO:0010940	0.00324604471738	0.999997185753282	1	3	positive regulation of necrotic cell death	BP	0.120476306513289	BP positive regulation of necrotic cell death	group11141
serido sibling set	GO:0032940	0.003255703284361	0.999996815433176	1	4	secretion by cell	BP	0.120476306513289	BP secretion by cell	group13045
serido sibling set	GO:0045434	0.003399683698507	0.999996527285345	1	4	negative regulation of female receptivity, post-mating	BP	0.125216387437539	BP negative regulation of female receptivity, post-mating	group12810
serido sibling set	GO:0010310	0.003418139788725	0.999997658828841	1	2	regulation of hydrogen peroxide metabolic process	BP	0.125310594487128	BP regulation of hydrogen peroxide metabolic process	group11141
serido sibling set	GO:0030534	0.003435651728468	0.999996453351321	1	4	adult behavior	BP	0.125369476499014	BP adult behavior	group12234
serido sibling set	GO:0006796	0.003689211654847	0.999996364005376	1	3	phosphate-containing compound metabolic process	BP	0.133635072784418	BP phosphate-containing compound metabolic process	group11141
serido sibling set	GO:0042775	0.003696072807283	0.999996350455048	1	3	mitochondrial ATP synthesis coupled electron transport	BP	0.133635072784418	BP mitochondrial ATP synthesis coupled electron transport	group11141
serido sibling set	GO:0048699	0.003717764531426	0.999995569819092	1	5	generation of neurons	BP	0.133805570943841	BP generation of neurons	group12234
serido sibling set	GO:0022890	0.003816940235173	0.999997079962325	1	2	inorganic cation transmembrane transporter activity	MF	0.136688487565969	MF inorganic cation transmembrane transporter activity	group11141
serido sibling set	GO:0005746	0.003832549575245	0.999997056002905	1	2	mitochondrial respirasome	CC	0.136688487565969	CC mitochondrial respirasome	group11141
serido sibling set	GO:0071702	0.003873856409155	0.999994989470067	1	6	organic substance transport	BP	0.137539352328645	BP organic substance transport	group13045
serido sibling set	GO:0046662	0.003893122564521	0.999995444923573	1	4	regulation of oviposition	BP	0.137603551809678	BP regulation of oviposition	group13045
serido sibling set	GO:0008324	0.00400844705187	0.999994849246407	1	5	cation transmembrane transporter activity	MF	0.141047230637684	MF cation transmembrane transporter activity	group11141
serido sibling set	GO:0007589	0.00418691902293	0.999995315525989	1	3	body fluid secretion	BP	0.146672425505478	BP body fluid secretion	group11141
serido sibling set	GO:0043229	0.004255323123776	0.99999395300994	1	6	intracellular organelle	CC	0.148232333418589	CC intracellular organelle	group11141
serido sibling set	GO:0098655	0.004269061112157	0.999993740228733	1	7	cation transmembrane transport	BP	0.148232333418589	BP cation transmembrane transport	group11141
serido sibling set	GO:0048513	0.004393252506898	0.999994197959142	1	4	animal organ development	BP	0.151875509909525	BP animal organ development	group11141
serido sibling set	GO:0010941	0.004529522310671	0.999993147725907	1	6	regulation of cell death	BP	0.155902597610092	BP regulation of cell death	group11141
serido sibling set	GO:2000377	0.004592346238296	0.999992755183972	1	7	regulation of reactive oxygen species metabolic process	BP	0.157377708914142	BP regulation of reactive oxygen species metabolic process	group11141
serido sibling set	GO:0022900	0.00481909265672	0.99999255236191	1	5	electron transport chain	BP	0.164433282771711	BP electron transport chain	group11141
serido sibling set	GO:0010942	0.004845783552724	0.999992939506178	1	4	positive regulation of cell death	BP	0.164631318804174	BP positive regulation of cell death	group11141
serido sibling set	GO:0007389	0.004919707558704	0.999991684240724	1	7	pattern specification process	BP	0.166425472007321	BP pattern specification process	group13045
serido sibling set	GO:0006139	0.004988320121573	0.999991687496079	1	6	nucleobase-containing compound metabolic process	BP	0.168025381189036	BP nucleobase-containing compound metabolic process	group11141
serido sibling set	GO:0046034	0.005034756799109	0.99999187000785	1	5	ATP metabolic process	BP	0.16886788549182	BP ATP metabolic process	group11141
serido sibling set	GO:0045924	0.005228290705636	0.999990607000905	1	7	regulation of female receptivity	BP	0.174231352314252	BP regulation of female receptivity	group12810
serido sibling set	GO:0009117	0.005238877251773	0.999992661747097	1	3	nucleotide metabolic process	BP	0.174231352314252	BP nucleotide metabolic process	group11141
serido sibling set	GO:0045184	0.00542813367244	0.999989874284422	1	7	establishment of protein localization	BP	0.179767015151974	BP establishment of protein localization	group13045
serido sibling set	GO:0006811	0.005534726335033	0.999988946846969	1	10	ion transport	BP	0.182530179802207	BP ion transport	group11141
serido sibling set	GO:0009266	0.005832131483469	0.999988308780698	1	7	response to temperature stimulus	BP	0.19153691813626	BP response to temperature stimulus	group11141
serido sibling set	GO:0022904	0.006032903529701	0.999988321291613	1	5	respiratory electron transport chain	BP	0.197308488054359	BP respiratory electron transport chain	group11141
serido sibling set	GO:0009966	0.006385182595459	0.999985691401344	1	8	regulation of signal transduction	BP	0.207966980237213	BP regulation of signal transduction	group12810
serido sibling set	GO:0006163	0.006798997571597	0.999984544553484	1	6	purine nucleotide metabolic process	BP	0.220533740161831	BP purine nucleotide metabolic process	group11141
serido sibling set	GO:0045333	0.00713967282961	0.999982954183765	1	6	cellular respiration	BP	0.230634841159781	BP cellular respiration	group11141
serido sibling set	GO:0005740	0.007178820543762	0.999982275254009	1	7	mitochondrial envelope	CC	0.230952912350738	CC mitochondrial envelope	group11141
serido sibling set	GO:0004129	0.007602786480878	0.999982595800143	1	4	cytochrome-c oxidase activity	MF	0.243598223749097	MF cytochrome-c oxidase activity	group11141
serido sibling set	GO:0048666	0.008279322299189	0.999974603573463	1	13	neuron development	BP	0.264200884057508	BP neuron development	group12234
serido sibling set	GO:0007619	0.008448616127106	0.999973259482056	1	15	courtship behavior	BP	0.268516098039702	BP courtship behavior	group12234
serido sibling set	GO:0016310	0.008623480420825	0.999972634955065	1	12	phosphorylation	BP	0.272972982638324	BP phosphorylation	group11141
serido sibling set	GO:0016020	0.008744471281893	0.999730995730609	2	232	membrane	CC	0.275695690575528	CC membrane	group13045, group11141
serido sibling set	GO:0005751	0.008799671597652	0.99997511974252	1	5	mitochondrial respiratory chain complex IV	CC	0.276330723237835	CC mitochondrial respiratory chain complex IV	group11141
serido sibling set	GO:0050877	0.009075304671309	0.999969293944553	1	14	nervous system process	BP	0.283855362774836	BP nervous system process	group13032
serido sibling set	GO:0006119	0.009471562607447	0.999969968300619	1	6	oxidative phosphorylation	BP	0.295078484078657	BP oxidative phosphorylation	group11141
serido sibling set	GO:0007626	0.009727132254659	0.999964534444766	1	15	locomotory behavior	BP	0.301847466264668	BP locomotory behavior	group12234
serido sibling set	GO:0034220	0.009985452383598	0.999962811585768	1	14	ion transmembrane transport	BP	0.308648375245187	BP ion transmembrane transport	group11141
serido sibling set	GO:0006417	0.010216495663795	0.999961066863157	1	14	regulation of translation	BP	0.314556323523576	BP regulation of translation	group12234
serido sibling set	GO:0042332	0.01041818421328	0.999958821588429	1	18	gravitaxis	BP	0.319518007661751	BP gravitaxis	group12234
serido sibling set	GO:0031966	0.010606744109445	0.999958276032223	1	13	mitochondrial membrane	CC	0.324040143684671	CC mitochondrial membrane	group11141
serido sibling set	GO:0022008	0.01066712321444	0.999957331516752	1	15	neurogenesis	BP	0.324626506471874	BP neurogenesis	group12234
serido sibling set	GO:0061355	0.011912014939354	0.999949287065952	1	9	Wnt protein secretion	BP	0.361117314430724	BP Wnt protein secretion	group13045
serido sibling set	GO:0006812	0.012753541721974	0.999937713269959	1	21	cation transport	BP	0.385147187174693	BP cation transport	group11141
serido sibling set	GO:0005179	0.012936976168096	0.999941087778447	1	8	hormone activity	MF	0.386689683518509	MF hormone activity	group12810
serido sibling set	GO:0009060	0.012947140693572	0.999940994895519	1	8	aerobic respiration	BP	0.386689683518509	BP aerobic respiration	group11141
serido sibling set	GO:0006123	0.012951798585243	0.999942151982605	1	7	mitochondrial electron transport, cytochrome c to oxygen	BP	0.386689683518509	BP mitochondrial electron transport, cytochrome c to oxygen	group11141
serido sibling set	GO:0040011	0.013372834895005	0.999931203062927	1	23	locomotion	BP	0.397753526952576	BP locomotion	group12234
serido sibling set	GO:0034976	0.015194319773403	0.999910949745299	1	24	response to endoplasmic reticulum stress	BP	0.450231685917159	BP response to endoplasmic reticulum stress	group12234
serido sibling set	GO:0017148	0.016483904242052	0.999895135419755	1	24	negative regulation of translation	BP	0.486614731220417	BP negative regulation of translation	group12234
serido sibling set	GO:0016322	0.016618410660459	0.999892617185527	1	29	neuron remodeling	BP	0.488754898603495	BP neuron remodeling	group12234
serido sibling set	GO:0048018	0.016737318500402	0.999892542094038	1	21	receptor ligand activity	MF	0.49042209821623	MF receptor ligand activity	group12810
serido sibling set	GO:0015031	0.018604588119666	0.999865854229223	1	26	protein transport	BP	0.543116161330385	BP protein transport	group13045
serido sibling set	GO:0007552	0.019173963187142	0.999857483629288	1	26	metamorphosis	BP	0.557672242955912	BP metamorphosis	group12234
serido sibling set	GO:0003730	0.020046961112898	0.999843328561018	1	30	mRNA 3'-UTR binding	MF	0.580919659896541	MF mRNA 3'-UTR binding	group12234
serido sibling set	GO:0003824	0.020137636583374	0.999842503041854	1	27	catalytic activity	MF	0.581409712637915	MF catalytic activity	group11141
serido sibling set	GO:0009953	0.020621158627473	0.999834590272065	1	28	dorsal/ventral pattern formation	BP	0.593196979203449	BP dorsal/ventral pattern formation	group13045
serido sibling set	GO:0005102	0.021234772250312	0.99982412490721	1	30	signaling receptor binding	MF	0.608627181370771	MF signaling receptor binding	group12810
serido sibling set	GO:0009306	0.025535296590938	0.999744670177448	1	32	protein secretion	BP	0.729236259890478	BP protein secretion	group13045
serido sibling set	GO:0008104	0.026321545460309	0.999726112240469	1	45	protein localization	BP	0.748976250246037	BP protein localization	group13045
serido sibling set	GO:0030182	0.027622565142579	0.99969967092463	1	37	neuron differentiation	BP	0.783169275013688	BP neuron differentiation	group12234
serido sibling set	GO:0048193	0.027956702961669	0.999695448949463	1	27	Golgi vesicle transport	BP	0.789801909476266	BP Golgi vesicle transport	group13045
serido sibling set	GO:0009055	0.028602378605474	0.999682647824121	1	24	electron transfer activity	MF	0.805156957744082	MF electron transfer activity	group11141
serido sibling set	GO:1902600	0.029009029379933	0.999671943935477	1	27	proton transmembrane transport	BP	0.81369811235813	BP proton transmembrane transport	group11141
serido sibling set	GO:0008344	0.030690099224567	0.999626974808052	1	45	adult locomotory behavior	BP	0.85779915634056	BP adult locomotory behavior	group12234
serido sibling set	GO:0010629	0.033526644363618	0.999552960269965	1	52	negative regulation of gene expression	BP	0.933605378717204	BP negative regulation of gene expression	group12234
serido sibling set	GO:0032991	0.033639168682528	0.999549769047399	1	53	protein-containing complex	CC	0.933605378717204	CC protein-containing complex	group11141
serido sibling set	GO:0030154	0.035229944590534	0.999504898896125	1	59	cell differentiation	BP	0.974324292149442	BP cell differentiation	group12234
serido sibling set	GO:0022857	0.036213899700433	0.999476077379597	1	63	transmembrane transporter activity	MF	0.998034816219634	MF transmembrane transporter activity	group11141
serido sibling set	GO:0007399	0.03890094653999	0.99939432823535	1	66	nervous system development	BP	0.9999999999	BP nervous system development	group12234
serido sibling set	GO:0005743	0.040417591101039	0.999350717679611	1	44	mitochondrial inner membrane	CC	0.9999999999	CC mitochondrial inner membrane	group11141
serido sibling set	GO:0010468	0.045365559495214	0.999172871380156	1	73	regulation of gene expression	BP	0.9999999999	BP regulation of gene expression	group12234
serido sibling set	GO:0016491	0.048368391440019	0.999062163185062	1	57	oxidoreductase activity	MF	0.9999999999	MF oxidoreductase activity	group11141
generalists	GO:0005488	0.000254252855748	1	1	1	binding	MF	0.030432111041886	MF binding	group16290
generalists	GO:0005623	0.000254252855748	1	1	1	NA	NA	0.030432111041886	none	group16290
generalists	GO:0006613	0.000254252855748	1	1	1	cotranslational protein targeting to membrane	BP	0.030432111041886	BP cotranslational protein targeting to membrane	group16290
generalists	GO:0006725	0.000254252855748	1	1	1	cellular aromatic compound metabolic process	BP	0.030432111041886	BP cellular aromatic compound metabolic process	group16290
generalists	GO:0006810	0.000254252855748	1	1	1	transport	BP	0.030432111041886	BP transport	group16290
generalists	GO:0008152	0.000254252855748	1	1	1	metabolic process	BP	0.030432111041886	BP metabolic process	group16290
generalists	GO:0009057	0.000254252855748	1	1	1	macromolecule catabolic process	BP	0.030432111041886	BP macromolecule catabolic process	group16290
generalists	GO:0009059	0.000254252855748	1	1	1	macromolecule biosynthetic process	BP	0.030432111041886	BP macromolecule biosynthetic process	group16290
generalists	GO:0009892	0.000254252855748	1	1	1	negative regulation of metabolic process	BP	0.030432111041886	BP negative regulation of metabolic process	group16290
generalists	GO:0010605	0.000254252855748	1	1	1	negative regulation of macromolecule metabolic process	BP	0.030432111041886	BP negative regulation of macromolecule metabolic process	group16290
generalists	GO:0015833	0.000254252855748	1	1	1	peptide transport	BP	0.030432111041886	BP peptide transport	group16290
generalists	GO:0016071	0.000254252855748	1	1	1	mRNA metabolic process	BP	0.030432111041886	BP mRNA metabolic process	group16290
generalists	GO:0019439	0.000254252855748	1	1	1	aromatic compound catabolic process	BP	0.030432111041886	BP aromatic compound catabolic process	group16290
generalists	GO:0033036	0.000254252855748	1	1	1	macromolecule localization	BP	0.030432111041886	BP macromolecule localization	group16290
generalists	GO:0034641	0.000254252855748	1	1	1	cellular nitrogen compound metabolic process	BP	0.030432111041886	BP cellular nitrogen compound metabolic process	group16290
generalists	GO:0034645	0.000254252855748	1	1	1	cellular macromolecule biosynthetic process	BP	0.030432111041886	BP cellular macromolecule biosynthetic process	group16290
generalists	GO:0034655	0.000254252855748	1	1	1	nucleobase-containing compound catabolic process	BP	0.030432111041886	BP nucleobase-containing compound catabolic process	group16290
generalists	GO:0042886	0.000254252855748	1	1	1	amide transport	BP	0.030432111041886	BP amide transport	group16290
generalists	GO:0043043	0.000254252855748	1	1	1	peptide biosynthetic process	BP	0.030432111041886	BP peptide biosynthetic process	group16290
generalists	GO:0043170	0.000254252855748	1	1	1	macromolecule metabolic process	BP	0.030432111041886	BP macromolecule metabolic process	group16290
generalists	GO:0043226	0.000254252855748	1	1	1	organelle	CC	0.030432111041886	CC organelle	group16290
generalists	GO:0043227	0.000254252855748	1	1	1	membrane-bounded organelle	CC	0.030432111041886	CC membrane-bounded organelle	group16290
generalists	GO:0043228	0.000254252855748	1	1	1	non-membrane-bounded organelle	CC	0.030432111041886	CC non-membrane-bounded organelle	group16290
generalists	GO:0043232	0.000254252855748	1	1	1	intracellular non-membrane-bounded organelle	CC	0.030432111041886	CC intracellular non-membrane-bounded organelle	group16290
generalists	GO:0043603	0.000254252855748	1	1	1	cellular amide metabolic process	BP	0.030432111041886	BP cellular amide metabolic process	group16290
generalists	GO:0043604	0.000254252855748	1	1	1	amide biosynthetic process	BP	0.030432111041886	BP amide biosynthetic process	group16290
generalists	GO:0044238	0.000254252855748	1	1	1	primary metabolic process	BP	0.030432111041886	BP primary metabolic process	group16290
generalists	GO:0044248	0.000254252855748	1	1	1	cellular catabolic process	BP	0.030432111041886	BP cellular catabolic process	group16290
generalists	GO:0044249	0.000254252855748	1	1	1	cellular biosynthetic process	BP	0.030432111041886	BP cellular biosynthetic process	group16290
generalists	GO:0044260	0.000254252855748	1	1	1	cellular macromolecule metabolic process	BP	0.030432111041886	BP cellular macromolecule metabolic process	group16290
generalists	GO:0044265	0.000254252855748	1	1	1	cellular macromolecule catabolic process	BP	0.030432111041886	BP cellular macromolecule catabolic process	group16290
generalists	GO:0044267	0.000254252855748	1	1	1	cellular protein metabolic process	BP	0.030432111041886	BP cellular protein metabolic process	group16290
generalists	GO:0044270	0.000254252855748	1	1	1	cellular nitrogen compound catabolic process	BP	0.030432111041886	BP cellular nitrogen compound catabolic process	group16290
generalists	GO:0044271	0.000254252855748	1	1	1	cellular nitrogen compound biosynthetic process	BP	0.030432111041886	BP cellular nitrogen compound biosynthetic process	group16290
generalists	GO:0044391	0.000254252855748	1	1	1	ribosomal subunit	CC	0.030432111041886	CC ribosomal subunit	group16290
generalists	GO:0044422	0.000254252855748	1	1	1	NA	NA	0.030432111041886	none	group16290
generalists	GO:0044424	0.000254252855748	1	1	1	NA	NA	0.030432111041886	none	group16290
generalists	GO:0044444	0.000254252855748	1	1	1	NA	NA	0.030432111041886	none	group16290
generalists	GO:0044445	0.000254252855748	1	1	1	NA	NA	0.030432111041886	none	group16290
generalists	GO:0044446	0.000254252855748	1	1	1	NA	NA	0.030432111041886	none	group16290
generalists	GO:0044464	0.000254252855748	1	1	1	NA	NA	0.030432111041886	none	group16290
generalists	GO:0046483	0.000254252855748	1	1	1	heterocycle metabolic process	BP	0.030432111041886	BP heterocycle metabolic process	group16290
generalists	GO:0046700	0.000254252855748	1	1	1	heterocycle catabolic process	BP	0.030432111041886	BP heterocycle catabolic process	group16290
generalists	GO:0048519	0.000254252855748	1	1	1	negative regulation of biological process	BP	0.030432111041886	BP negative regulation of biological process	group16290
generalists	GO:0050789	0.000254252855748	1	1	1	regulation of biological process	BP	0.030432111041886	BP regulation of biological process	group16290
generalists	GO:0051179	0.000254252855748	1	1	1	localization	BP	0.030432111041886	BP localization	group16290
generalists	GO:0051234	0.000254252855748	1	1	1	establishment of localization	BP	0.030432111041886	BP establishment of localization	group16290
generalists	GO:0051641	0.000254252855748	1	1	1	cellular localization	BP	0.030432111041886	BP cellular localization	group16290
generalists	GO:0051649	0.000254252855748	1	1	1	establishment of localization in cell	BP	0.030432111041886	BP establishment of localization in cell	group16290
generalists	GO:0060255	0.000254252855748	1	1	1	regulation of macromolecule metabolic process	BP	0.030432111041886	BP regulation of macromolecule metabolic process	group16290
generalists	GO:0065007	0.000254252855748	1	1	1	biological regulation	BP	0.030432111041886	BP biological regulation	group16290
generalists	GO:0070972	0.000254252855748	1	1	1	protein localization to endoplasmic reticulum	BP	0.030432111041886	BP protein localization to endoplasmic reticulum	group16290
generalists	GO:0071704	0.000254252855748	1	1	1	organic substance metabolic process	BP	0.030432111041886	BP organic substance metabolic process	group16290
generalists	GO:0071705	0.000254252855748	1	1	1	nitrogen compound transport	BP	0.030432111041886	BP nitrogen compound transport	group16290
generalists	GO:0072594	0.000254252855748	1	1	1	establishment of protein localization to organelle	BP	0.030432111041886	BP establishment of protein localization to organelle	group16290
generalists	GO:0072599	0.000254252855748	1	1	1	establishment of protein localization to endoplasmic reticulum	BP	0.030432111041886	BP establishment of protein localization to endoplasmic reticulum	group16290
generalists	GO:0090150	0.000254252855748	1	1	1	establishment of protein localization to membrane	BP	0.030432111041886	BP establishment of protein localization to membrane	group16290
generalists	GO:0090304	0.000254252855748	1	1	1	nucleic acid metabolic process	BP	0.030432111041886	BP nucleic acid metabolic process	group16290
generalists	GO:0097159	0.000254252855748	1	1	1	organic cyclic compound binding	MF	0.030432111041886	MF organic cyclic compound binding	group16290
generalists	GO:1901360	0.000254252855748	1	1	1	organic cyclic compound metabolic process	BP	0.030432111041886	BP organic cyclic compound metabolic process	group16290
generalists	GO:1901361	0.000254252855748	1	1	1	organic cyclic compound catabolic process	BP	0.030432111041886	BP organic cyclic compound catabolic process	group16290
generalists	GO:1901363	0.000254252855748	1	1	1	heterocyclic compound binding	MF	0.030432111041886	MF heterocyclic compound binding	group16290
generalists	GO:1901564	0.000254252855748	1	1	1	organonitrogen compound metabolic process	BP	0.030432111041886	BP organonitrogen compound metabolic process	group16290
generalists	GO:1901566	0.000254252855748	1	1	1	organonitrogen compound biosynthetic process	BP	0.030432111041886	BP organonitrogen compound biosynthetic process	group16290
generalists	GO:1901576	0.000254252855748	1	1	1	organic substance biosynthetic process	BP	0.030432111041886	BP organic substance biosynthetic process	group16290
generalists	GO:0019538	0.000384225207487	1	1	2	protein metabolic process	BP	0.044616001705249	BP protein metabolic process	group16290
generalists	GO:0070727	0.000384225207487	1	1	2	cellular macromolecule localization	BP	0.044616001705249	BP cellular macromolecule localization	group16290
generalists	GO:0044237	0.000409544261629	1	1	2	cellular metabolic process	BP	0.046856681698087	BP cellular metabolic process	group16290
generalists	GO:0019222	0.000438849880212	1	1	2	regulation of metabolic process	BP	0.049481914029754	BP regulation of metabolic process	group16290
